Common Name,Alternative Names,Right Ascension,Declination,Magnitude (Visual),"Proper Motion (Speed, mas/yr)","Proper Motion (Angle, Degrees)",URL
Sirius,"Sirius, α-CMa, Alpha Canis Majoris, 9-CMa, 9 Canis Majoris, HR 2491, HD 48915, HIP 32349",06.45.09,-16.4247,-1.44,1340.0,204.1,https://in-the-sky.org/data/object.php?id=HIP32349
Canopus,"Canopus, α-Car, Alpha Carinae, HR 2326, HD 45348, HIP 30438, TYC 8534-2277-1",06.23.57,-52.4144,-0.63,30.6,40.6,https://in-the-sky.org/data/object.php?id=TYC8534-2277-1
Rigil Kentaurus,"Rigil Kentaurus, α-Cen, Alpha Centauri, HR 5459, HD 128620, HIP 71683",14.39.40,-60.5006,-0.01,3710.0,277.3,https://in-the-sky.org/data/object.php?id=HIP71683
Vega,"Vega, α-Lyr, Alpha Lyrae, 3-Lyr, 3 Lyrae, HR 7001, HD 172167, HIP 91262",18.36.56,+38.4658,0.03,349.7,35.1,https://in-the-sky.org/data/object.php?id=HIP91262
Capella,"Capella, α-Aur, Alpha Aurigae, 13-Aur, 13 Aurigae, HR 1708, HD 34029, NSV 1897, HIP 24608",05.16.41,+45.5956,0.08,433.5,170.0,https://in-the-sky.org/data/object.php?id=HIP24608
Arcturus,"Arcturus, α-Boo, Alpha Bootis, 16-Boo, 16 Bootis, HR 5340, HD 124897, NSV 6603, HIP 69673, TYC 1472-1436-1",14.15.40,+19.1114,0.16,2280.0,208.7,https://in-the-sky.org/data/object.php?id=TYC1472-1436-1
Rigel,"Rigel, β-Ori, Beta Orionis, 19-Ori, 19 Orionis, HR 1713, HD 34085, NSV 1882, HIP 24436, TYC 5331-1752-1",05.14.32,-08.1205,0.28,1.4,69.1,https://in-the-sky.org/data/object.php?id=TYC5331-1752-1
Procyon,"Procyon, α-CMi, Alpha Canis Minoris, 10-CMi, 10 Canis Minoris, HR 2943, HD 61421, NSV 3672, HIP 37279",07.39.18,+05.1339,0.40,1260.0,214.6,https://in-the-sky.org/data/object.php?id=HIP37279
Achernar,"Achernar, α-Eri, Alpha Eridani, HR 472, HD 10144, HIP 7588, TYC 8478-1395-1",01.37.42,-57.1411,0.54,95.0,113.7,https://in-the-sky.org/data/object.php?id=TYC8478-1395-1
Betelgeuse,"Betelgeuse, α-Ori, Alpha Orionis, 58-Ori, 58 Orionis, HR 2061, HD 39801, HIP 27989, TYC 129-1873-1",05.55.10,+07.2425,0.57,29.8,67.7,https://in-the-sky.org/data/object.php?id=TYC129-1873-1
Hadar,"Hadar, β-Cen, Beta Centauri, HR 5267, HD 122451, HIP 68702, TYC 9005-3919-1",14.03.49,-60.2222,0.64,40.5,235.2,https://in-the-sky.org/data/object.php?id=TYC9005-3919-1
Altair,"Altair, α-Aql, Alpha Aquilae, 53-Aql, 53 Aquilae, HR 7557, HD 187642, HIP 97649, TYC 1058-3399-1",19.50.46,+08.5202,0.93,660.3,54.3,https://in-the-sky.org/data/object.php?id=TYC1058-3399-1
Aldebaran,"Aldebaran, α-Tau, Alpha Tauri, 87-Tau, 87 Tauri, HR 1457, HD 29139, HIP 21421, TYC 1266-1416-1",04.35.55,+16.3035,0.99,199.3,161.4,https://in-the-sky.org/data/object.php?id=TYC1266-1416-1
Spica,"Spica, α-Vir, Alpha Virginis, 67-Vir, 67 Virginis, HR 5056, HD 116658, HIP 65474, TYC 5547-1518-1",13.25.11,-11.0940,1.06,52.3,234.1,https://in-the-sky.org/data/object.php?id=TYC5547-1518-1
Antares,"Antares, α-Sco, Alpha Scorpii, 21-Sco, 21 Scorpii, HR 6134, HD 148478, HIP 80763, TYC 6803-2158-1",16.29.24,-26.2555,1.07,26.3,207.5,https://in-the-sky.org/data/object.php?id=TYC6803-2158-1
Pollux,"Pollux, β-Gem, Beta Geminorum, 78-Gem, 78 Geminorum, HR 2990, HD 62509, NSV 3712, HIP 37826, TYC 1920-2194-1",07.45.19,+28.0134,1.22,628.2,265.8,https://in-the-sky.org/data/object.php?id=TYC1920-2194-1
Fomalhaut,"Fomalhaut, α-PsA, Alpha Piscis Austrini, 24-PsA, 24 Piscis Austrini, HR 8728, HD 216956, NSV 14372, HIP 113368, TYC 6977-1267-1",22.57.38,-29.3718,1.23,367.9,116.6,https://in-the-sky.org/data/object.php?id=TYC6977-1267-1
Acrux,"Acrux, α¹-Cru, Alpha1 Crucis, HR 4730, HD 108248, HIP 60718, TYC 8979-3464-1",12.26.35,-63.0556,1.28,38.8,247.5,https://in-the-sky.org/data/object.php?id=TYC8979-3464-1
Mimosa,"Mimosa, β-Cru, Beta Crucis, HR 4853, HD 111123, HIP 62434, TYC 8659-3107-1",12.47.43,-59.4119,1.31,45.9,249.4,https://in-the-sky.org/data/object.php?id=TYC8659-3107-1
Deneb,"Deneb, α-Cyg, Alpha Cygni, 50-Cyg, 50 Cygni, HR 7924, HD 197345, HIP 102098, TYC 3574-3347-1",20.41.25,+45.1649,1.33,2.7,47.4,https://in-the-sky.org/data/object.php?id=TYC3574-3347-1
Toliman,"α-Cen, Alpha Centauri, HR 5460, HD 128621, HIP 71681",14.39.39,-60.5022,1.35,3700.0,282.5,https://in-the-sky.org/data/object.php?id=HIP71681
Regulus,"Regulus, α-Leo, Alpha Leonis, 32-Leo, 32 Leonis, HR 3982, HD 87901, NSV 4750, HIP 49669, TYC 833-1381-1",10.08.22,+11.5801,1.41,248.8,271.3,https://in-the-sky.org/data/object.php?id=TYC833-1381-1
Adhara,"Adhara, ε-CMa, Epsilon Canis Majoris, 21-CMa, 21 Canis Majoris, HR 2618, HD 52089, HIP 33579, TYC 6535-3619-1",06.58.37,-28.5819,1.53,3.5,67.7,https://in-the-sky.org/data/object.php?id=TYC6535-3619-1
Castor,"Castor, YY Gem, α-Gem, Alpha Geminorum, 66-Gem, 66 Geminorum, HR 2891, HD 60179, HIP 36850, TYC 2457-2407-1, Gaia EDR3- 892348694913501952",07.34.35,+31.5318,1.58,240.3,232.8,https://in-the-sky.org/data/object.php?id=TYC2457-2407-1
Shaula,"Shaula, λ-Sco, Lambda Scorpii, 35-Sco, 35 Scorpii, HR 6527, HD 158926, HIP 85927, TYC 7388-1093-1",17.33.36,-37.0613,1.63,32.0,195.5,https://in-the-sky.org/data/object.php?id=TYC7388-1093-1
Gacrux,"Gacrux, γ-Cru, Gamma Crucis, HR 4763, HD 108903, NSV 5672, HIP 61084, TYC 8654-3422-1",12.31.09,-57.0645,1.65,266.6,173.9,https://in-the-sky.org/data/object.php?id=TYC8654-3422-1
Bellatrix,"Bellatrix, γ-Ori, Gamma Orionis, 24-Ori, 24 Orionis, HR 1790, HD 35468, NSV 1972, HIP 25336, TYC 113-1856-1",05.25.07,+06.2059,1.66,15.2,212.2,https://in-the-sky.org/data/object.php?id=TYC113-1856-1
Miaplacidus,"Miaplacidus, β-Car, Beta Carinae, HR 3685, HD 80007, HIP 45238, TYC 9200-2603-1",09.13.12,-69.4302,1.67,190.7,304.8,https://in-the-sky.org/data/object.php?id=TYC9200-2603-1
Elnath,"Elnath, β-Tau, Beta Tauri, 112-Tau, 112 Tauri, HR 1791, HD 35497, HIP 25428, TYC 1859-1470-1",05.26.17,+28.3628,1.68,175.1,172.5,https://in-the-sky.org/data/object.php?id=TYC1859-1470-1
Alnilam,"Alnilam, ε-Ori, Epsilon Orionis, 46-Ori, 46 Orionis, HR 1903, HD 37128, HIP 26311, TYC 4766-2450-1",05.36.12,-01.1206,1.72,1.6,118.4,https://in-the-sky.org/data/object.php?id=TYC4766-2450-1
Alioth,"Alioth, ε-UMa, Epsilon Ursae Majoris, 77-UMa, 77 Ursae Majoris, HR 4905, HD 112185, HIP 62956, TYC 3845-1190-1",12.54.01,+55.5735,1.76,112.2,94.2,https://in-the-sky.org/data/object.php?id=TYC3845-1190-1
Alnair,"Alnair, α-Gru, Alpha Gruis, HR 8425, HD 209952, NSV 14040, HIP 109268, TYC 8438-1959-1",22.08.13,-46.5738,1.77,194.4,139.3,https://in-the-sky.org/data/object.php?id=TYC8438-1959-1
Mirfak,"Mirfak, α-Per, Alpha Persei, 33-Per, 33 Persei, HR 1017, HD 20902, NSV 1125, HIP 15863, TYC 3320-2808-1",03.24.19,+49.5140,1.81,35.4,137.8,https://in-the-sky.org/data/object.php?id=TYC3320-2808-1
Kaus Australis,"Kaus Australis, ε-Sgr, Epsilon Sagittarii, 20-Sgr, 20 Sagittarii, HR 6879, HD 169022, HIP 90185, TYC 7401-3471-1",18.24.10,-34.2303,1.81,130.3,197.6,https://in-the-sky.org/data/object.php?id=TYC7401-3471-1
Dubhe,"Dubhe, α-UMa, Alpha Ursae Majoris, 50-UMa, 50 Ursae Majoris, HR 4301, HD 95689, NSV 5070, HIP 54061, TYC 4146-1274-1",11.03.43,+61.4504,1.82,138.5,255.5,https://in-the-sky.org/data/object.php?id=TYC4146-1274-1
Wezen,"Wezen, δ-CMa, Delta Canis Majoris, 25-CMa, 25 Canis Majoris, HR 2693, HD 54605, NSV 3424, HIP 34444, TYC 6532-5001-1",07.08.23,-26.2335,1.84,4.5,316.7,https://in-the-sky.org/data/object.php?id=TYC6532-5001-1
Sargas,"Sargas, θ-Sco, Theta Scorpii, HR 6553, HD 159532, NSV 9233, HIP 86228, TYC 7892-7679-1",17.37.19,-42.5952,1.86,6.4,119.4,https://in-the-sky.org/data/object.php?id=TYC7892-7679-1
Alkaid,"Alkaid, η-UMa, Eta Ursae Majoris, 85-UMa, 85 Ursae Majoris, HR 5191, HD 120315, NSV 6450, HIP 67301, TYC 3467-1257-1",13.47.32,+49.1847,1.86,122.1,263.0,https://in-the-sky.org/data/object.php?id=TYC3467-1257-1
Atria,"Atria, α-TrA, Alpha Trianguli Australe, HR 6217, HD 150798, HIP 82273, TYC 9275-3641-1",16.48.39,-69.0139,1.90,36.3,150.3,https://in-the-sky.org/data/object.php?id=TYC9275-3641-1
Alnitak,"Alnitak, ζ-Ori, Zeta Orionis, 50-Ori, 50 Orionis, HR 1948, HD 37742, NSV 2553, HIP 26727, TYC 4771-1188-1",05.40.45,-01.5633,1.90,3.8,57.5,https://in-the-sky.org/data/object.php?id=TYC4771-1188-1
Menkalinan,"Menkalinan, β-Aur, Beta Aurigae, 34-Aur, 34 Aurigae, HR 2088, HD 40183, HIP 28360, TYC 2924-2742-1",05.59.31,+44.5650,1.90,56.4,269.0,https://in-the-sky.org/data/object.php?id=TYC2924-2742-1
Peacock,"Peacock, α-Pav, Alpha Pavonis, HR 7790, HD 193924, NSV 13060, HIP 100751, TYC 8785-1898-1",20.25.38,-56.4405,1.92,86.3,175.4,https://in-the-sky.org/data/object.php?id=TYC8785-1898-1
Alhena,"Alhena, γ-Gem, Gamma Geminorum, 24-Gem, 24 Geminorum, HR 2421, HD 47105, HIP 31681",06.37.42,+16.2357,1.93,56.7,165.9,https://in-the-sky.org/data/object.php?id=HIP31681
Alsephina,"δ-Vel, Delta Velorum, HR 3485, HD 74956, HIP 42913, TYC 8573-3571-1",08.44.42,-54.4230,1.94,107.3,164.3,https://in-the-sky.org/data/object.php?id=TYC8573-3571-1
Avior,"Avior, ε-Car, Epsilon Carinae, HR 3307, HD 71129, NSV 4058, HIP 41037, TYC 8579-2692-1",08.22.30,-59.3034,1.95,33.7,310.8,https://in-the-sky.org/data/object.php?id=TYC8579-2692-1
Mirzam,"Mirzam, β-CMa, Beta Canis Majoris, 2-CMa, 2 Canis Majoris, HR 2294, HD 44743, HIP 30324, TYC 5938-2918-1",06.22.41,-17.5721,1.96,3.3,256.4,https://in-the-sky.org/data/object.php?id=TYC5938-2918-1
Alphard,"Alphard, α-Hya, Alpha Hydrae, 30-Hya, 30 Hydrae, HR 3748, HD 81797, NSV 4496, HIP 46390, TYC 5460-1592-1",09.27.35,-08.3930,1.98,37.6,336.1,https://in-the-sky.org/data/object.php?id=TYC5460-1592-1
Polaris,"Polaris, α-UMi, Alpha Ursae Minoris, 1-UMi, 1 Ursae Minoris, HR 424, HD 8890, HIP 11767, TYC 4628-237-1",02.31.47,+89.1550,2.00,46.0,104.9,https://in-the-sky.org/data/object.php?id=TYC4628-237-1
Hamal,"Hamal, α-Ari, Alpha Arietis, 13-Ari, 13 Arietis, HR 617, HD 12929, NSV 725, HIP 9884, TYC 1758-2416-1",02.07.10,+23.2745,2.02,239.7,128.1,https://in-the-sky.org/data/object.php?id=TYC1758-2416-1
Menkent,"Menkent, θ-Cen, Theta Centauri, 5-Cen, 5 Centauri, HR 5288, HD 123139, HIP 68933, TYC 7293-2215-1",14.06.40,-36.2211,2.05,734.4,225.1,https://in-the-sky.org/data/object.php?id=TYC7293-2215-1
Diphda,"Diphda, β-Cet, Beta Ceti, 16-Cet, 16 Ceti, HR 188, HD 4128, NSV 272, HIP 3419, TYC 5847-2333-1",00.43.35,-17.5912,2.05,234.7,82.2,https://in-the-sky.org/data/object.php?id=TYC5847-2333-1
Alpheratz,"Alpheratz, α-And, Alpha Andromedae, 21-And, 21 Andromedae, HR 15, HD 358, HIP 677, TYC 1735-3180-1",00.08.23,+29.0526,2.06,213.6,139.9,https://in-the-sky.org/data/object.php?id=TYC1735-3180-1
Saiph,"Saiph, κ-Ori, Kappa Orionis, 53-Ori, 53 Orionis, HR 2004, HD 38771, NSV 2641, HIP 27366, TYC 5351-760-1, Gaia EDR3- 3011968416163350272",05.47.45,-09.4010,2.06,1.9,131.2,https://in-the-sky.org/data/object.php?id=TYC5351-760-1
Kochab,"Kochab, β-UMi, Beta Ursae Minoris, 7-UMi, 7 Ursae Minoris, HR 5563, HD 131873, NSV 6846, HIP 72607, TYC 4416-1799-1",14.50.42,+74.0919,2.06,34.6,289.3,https://in-the-sky.org/data/object.php?id=TYC4416-1799-1
Nunki,"Nunki, σ-Sgr, Sigma Sagittarii, 34-Sgr, 34 Sagittarii, HR 7121, HD 175191, HIP 92855, TYC 6868-1829-1",18.55.15,-26.1747,2.07,55.5,164.2,https://in-the-sky.org/data/object.php?id=TYC6868-1829-1
Mirach,"Mirach, β-And, Beta Andromedae, 43-And, 43 Andromedae, HR 337, HD 6860, NSV 414, HIP 5447, TYC 2286-1329-1",01.09.43,+35.3714,2.07,208.6,122.5,https://in-the-sky.org/data/object.php?id=TYC2286-1329-1
Rasalhague,"Rasalhague, α-Oph, Alpha Ophiuchi, 55-Oph, 55 Ophiuchi, HR 6556, HD 159561, NSV 9189, HIP 86032, TYC 1000-2508-1",17.34.56,+12.3338,2.09,246.5,154.0,https://in-the-sky.org/data/object.php?id=TYC1000-2508-1
Algol,"Algol, β-Per, Beta Persei, 26-Per, 26 Persei, HR 936, HD 19356, HIP 14576, TYC 2851-2168-1",03.08.10,+40.5720,2.11,3.4,119.0,https://in-the-sky.org/data/object.php?id=TYC2851-2168-1
Tiaki,"β-Gru, Beta Gruis, HR 8636, HD 214952, HIP 112122, TYC 8446-1644-1",22.42.40,-46.5304,2.12,135.2,91.9,https://in-the-sky.org/data/object.php?id=TYC8446-1644-1
Denebola,"Denebola, β-Leo, Beta Leonis, 94-Leo, 94 Leonis, HR 4534, HD 102647, HIP 57632, TYC 870-988-1",11.49.03,+14.3420,2.13,510.7,257.0,https://in-the-sky.org/data/object.php?id=TYC870-988-1
Almach,"Almach, γ¹-And, Gamma1 Andromedae, 57-And, 57 Andromedae, HR 603, HD 12533, HIP 9640, TYC 2837-2311-1",02.03.53,+42.1947,2.17,65.0,139.4,https://in-the-sky.org/data/object.php?id=TYC2837-2311-1
Suhail,"Suhail, λ-Vel, Lambda Velorum, HR 3634, HD 78647, HIP 44816, TYC 7689-2617-1",09.07.59,-43.2557,2.20,27.6,299.4,https://in-the-sky.org/data/object.php?id=TYC7689-2617-1
Sadr,"Sadr, γ-Cyg, Gamma Cygni, 37-Cyg, 37 Cygni, HR 7796, HD 194093, NSV 13048, HIP 100453, TYC 3156-2223-1, Gaia EDR3- 2067518817314952576",20.22.13,+40.1524,2.20,2.6,110.8,https://in-the-sky.org/data/object.php?id=TYC3156-2223-1
Mizar,"Mizar, ζ-UMa, Zeta Ursae Majoris, 79-UMa, 79 Ursae Majoris, HR 5054, HD 116656, NSV 6224, HIP 65378, TYC 3850-1385-1, Gaia EDR3- 1563590579347125632",13.23.55,+54.5530,2.22,124.6,100.5,https://in-the-sky.org/data/object.php?id=TYC3850-1385-1
Alphecca,"Alphecca, α-CrB, Alpha Coronae Borealis, 5-CrB, 5 Coronae Borealis, HR 5793, HD 139006, HIP 76267, TYC 2029-1690-1, Gaia EDR3- 1222646935698492160",15.34.41,+26.4251,2.22,147.8,126.4,https://in-the-sky.org/data/object.php?id=TYC2029-1690-1
Naos,"Naos, ζ-Pup, Zeta Puppis, HR 3165, HD 66811, HIP 39429, TYC 7663-4093-1, Gaia EDR3- 5534788672055388032",08.03.35,-40.0011,2.22,34.1,299.3,https://in-the-sky.org/data/object.php?id=TYC7663-4093-1
Eltanin,"Eltanin, γ-Dra, Gamma Draconis, 33-Dra, 33 Draconis, HR 6705, HD 164058, HIP 87833, TYC 3523-1684-1",17.56.36,+51.2920,2.23,24.3,200.4,https://in-the-sky.org/data/object.php?id=TYC3523-1684-1
Mintaka,"Mintaka, δ-Ori, Delta Orionis, 34-Ori, 34 Orionis, HR 1852, HD 36486, HIP 25930, TYC 4766-2445-1, Gaia EDR3- 3220756843825383936",05.32.00,-00.1756,2.23,0.9,137.2,https://in-the-sky.org/data/object.php?id=TYC4766-2445-1
Algieba,"Algieba, γ¹-Leo, Gamma1 Leonis, 41-Leo, 41 Leonis, HR 4057, HD 89484, NSV 4823, HIP 50583, TYC 1423-1349-1",10.19.58,+19.5030,2.23,341.2,116.9,https://in-the-sky.org/data/object.php?id=TYC1423-1349-1
Schedar,"Schedar, α-Cas, Alpha Cassiopeiae, 18-Cas, 18 Cassiopeiae, HR 168, HD 3712, HIP 3179, TYC 3663-2668-1, Gaia EDR3- 418551920284673408",00.40.30,+56.3213,2.25,58.4,122.7,https://in-the-sky.org/data/object.php?id=TYC3663-2668-1
Aspidiske,"Aspidiske, ι-Car, Iota Carinae, HR 3699, HD 80404, NSV 4444, HIP 45556, TYC 8595-3312-1, Gaia EDR3- 5300300156538723328",09.17.05,-59.1630,2.25,22.3,302.4,https://in-the-sky.org/data/object.php?id=TYC8595-3312-1
Larawag,"ε-Sco, Epsilon Scorpii, 26-Sco, 26 Scorpii, HR 6241, HD 151680, NSV 7983, HIP 82396, TYC 7367-804-1",16.50.09,-34.1735,2.27,666.0,247.4,https://in-the-sky.org/data/object.php?id=TYC7367-804-1
Caph,"Caph, β-Cas, Beta Cassiopeiae, 11-Cas, 11 Cassiopeiae, HR 21, HD 432, HIP 746, TYC 3664-1985-1",00.09.10,+59.0900,2.28,553.5,109.0,https://in-the-sky.org/data/object.php?id=TYC3664-1985-1
Dschubba,"Dschubba, δ-Sco, Delta Scorpii, 7-Sco, 7 Scorpii, HR 5953, HD 143275, HIP 78401, TYC 6779-2194-1",16.00.20,-22.3717,2.30,36.9,196.1,https://in-the-sky.org/data/object.php?id=TYC6779-2194-1
Merak,"Merak, β-UMa, Beta Ursae Majoris, 48-UMa, 48 Ursae Majoris, HR 4295, HD 95418, NSV 5053, HIP 53910, TYC 3827-1079-1",11.01.50,+56.2256,2.35,88.0,67.6,https://in-the-sky.org/data/object.php?id=TYC3827-1079-1
Ankaa,"Ankaa, α-Phe, Alpha Phoenicis, HR 99, HD 2261, HIP 2081, TYC 7527-1031-1",00.26.17,-42.1821,2.38,425.7,146.8,https://in-the-sky.org/data/object.php?id=TYC7527-1031-1
Enif,"Enif, ε-Peg, Epsilon Pegasi, 8-Peg, 8 Pegasi, HR 8308, HD 206778, HIP 107315, TYC 1125-2186-1",21.44.11,+09.5230,2.39,26.9,89.1,https://in-the-sky.org/data/object.php?id=TYC1125-2186-1
Phecda,"Phecda, γ-UMa, Gamma Ursae Majoris, 64-UMa, 64 Ursae Majoris, HR 4554, HD 103287, NSV 5379, HIP 58001, TYC 3833-1034-1",11.53.49,+53.4141,2.39,108.2,84.2,https://in-the-sky.org/data/object.php?id=TYC3833-1034-1
Sabik,"Sabik, η-Oph, Eta Ophiuchi, 35-Oph, 35 Ophiuchi, HR 6378, HD 155125, HIP 84012, TYC 6232-1333-1",17.10.22,-15.4330,2.43,107.0,22.0,https://in-the-sky.org/data/object.php?id=TYC6232-1333-1
Aludra,"Aludra, η-CMa, Eta Canis Majoris, 31-CMa, 31 Canis Majoris, HR 2827, HD 58350, HIP 35904, TYC 6550-4525-1, Gaia EDR3- 5605797194566011520",07.24.05,-29.1811,2.46,7.1,324.5,https://in-the-sky.org/data/object.php?id=TYC6550-4525-1
Aljanah,"ε-Cyg, Epsilon Cygni, 53-Cyg, 53 Cygni, HR 7949, HD 197989, HIP 102488, TYC 2695-4139-1",20.46.12,+33.5812,2.46,485.6,47.1,https://in-the-sky.org/data/object.php?id=TYC2695-4139-1
Alderamin,"Alderamin, α-Cep, Alpha Cephei, 5-Cep, 5 Cephei, HR 8162, HD 203280, NSV 13660, HIP 105199, TYC 4252-1870-1",21.18.34,+62.3507,2.47,158.4,71.9,https://in-the-sky.org/data/object.php?id=TYC4252-1870-1
Scheat,"Scheat, β-Peg, Beta Pegasi, 53-Peg, 53 Pegasi, HR 8775, HD 217906, HIP 113881, TYC 2243-1831-1",23.03.46,+28.0458,2.48,232.3,53.9,https://in-the-sky.org/data/object.php?id=TYC2243-1831-1
Markeb,"κ-Vel, Kappa Velorum, HR 3734, HD 81188, HIP 45941, TYC 8588-4200-1, Gaia EDR3- 5310393535853560576",09.22.06,-55.0038,2.48,16.2,315.3,https://in-the-sky.org/data/object.php?id=TYC8588-4200-1
Markab,"Markab, α-Peg, Alpha Pegasi, 54-Peg, 54 Pegasi, HR 8781, HD 218045, NSV 14417, HIP 113963, TYC 1711-2475-1",23.04.45,+15.1219,2.49,73.2,124.4,https://in-the-sky.org/data/object.php?id=TYC1711-2475-1
Menkar,"Menkar, α-Cet, Alpha Ceti, 92-Cet, 92 Ceti, HR 911, HD 18884, HIP 14135, TYC 58-1618-1",03.02.16,+04.0523,2.54,77.6,187.7,https://in-the-sky.org/data/object.php?id=TYC58-1618-1
Zosma,"Zosma, δ-Leo, Delta Leonis, 68-Leo, 68 Leonis, HR 4357, HD 97603, NSV 5143, HIP 54872, TYC 1439-2479-1",11.14.06,+20.3126,2.56,193.5,132.2,https://in-the-sky.org/data/object.php?id=TYC1439-2479-1
Arneb,"Arneb, α-Lep, Alpha Leporis, 11-Lep, 11 Leporis, HR 1865, HD 36673, NSV 2128, HIP 25985, TYC 5920-1685-1, Gaia EDR3- 2971266110612490624",05.32.43,-17.4920,2.59,3.7,66.2,https://in-the-sky.org/data/object.php?id=TYC5920-1685-1
Gienah,"Gienah, γ-Crv, Gamma Corvi, 4-Crv, 4 Corvi, HR 4662, HD 106625, NSV 5515, HIP 59803, TYC 6098-1754-1",12.15.48,-17.3231,2.59,160.1,277.8,https://in-the-sky.org/data/object.php?id=TYC6098-1754-1
Zubeneschamali,"Zubeneschamali, β-Lib, Beta Librae, 27-Lib, 27 Librae, HR 5685, HD 135742, NSV 7009, HIP 74785, TYC 5585-1014-1",15.17.00,-09.2258,2.61,100.0,258.7,https://in-the-sky.org/data/object.php?id=TYC5585-1014-1
Ascella,"Ascella, ζ-Sgr, Zeta Sagittarii, 38-Sgr, 38 Sagittarii, HR 7194, HD 176687, HIP 93506, TYC 6885-2837-1, Gaia EDR3- 6760703042771435136",19.02.36,-29.5248,2.61,23.7,27.1,https://in-the-sky.org/data/object.php?id=TYC6885-2837-1
Acrab,"Acrab, β¹-Sco, Beta1 Scorpii, 8-Sco, 8 Scorpii, HR 5984, HD 144217, NSV 7424, HIP 78820, TYC 6208-1623-1",16.05.26,-19.4819,2.62,24.6,192.2,https://in-the-sky.org/data/object.php?id=TYC6208-1623-1
Unukalhai,"Unukalhai, α-Ser, Alpha Serpentis Caput, 24-Ser, 24 Serpentis Caput, HR 5854, HD 140573, HIP 77070, TYC 363-1135-1, Gaia EDR3- 4429785739602747392",15.44.16,+06.2532,2.63,141.5,71.2,https://in-the-sky.org/data/object.php?id=TYC363-1135-1
Lesath,"Lesath, υ-Sco, Upsilon Scorpii, 34-Sco, 34 Scorpii, HR 6508, HD 158408, HIP 85696, TYC 7387-1249-1",17.30.45,-37.1744,2.64,30.2,184.5,https://in-the-sky.org/data/object.php?id=TYC7387-1249-1
Mahasim,"θ-Aur, Theta Aurigae, 37-Aur, 37 Aurigae, HR 2095, HD 40312, HIP 28380, TYC 2418-1573-1",05.59.43,+37.1246,2.65,85.7,149.4,https://in-the-sky.org/data/object.php?id=TYC2418-1573-1
Sheratan,"Sheratan, β-Ari, Beta Arietis, 6-Ari, 6 Arietis, HR 553, HD 11636, NSV 658, HIP 8903, TYC 1212-1935-1",01.54.38,+20.4829,2.66,148.1,138.2,https://in-the-sky.org/data/object.php?id=TYC1212-1935-1
Phact,"Phact, α-Col, Alpha Columbae, HR 1956, HD 37795, NSV 2549, HIP 26634, TYC 7064-1357-1, Gaia EDR3- 2900546759663847168",05.39.38,-34.0427,2.66,24.4,176.0,https://in-the-sky.org/data/object.php?id=TYC7064-1357-1
Kraz,"β-Crv, Beta Corvi, 9-Crv, 9 Corvi, HR 4786, HD 109379, NSV 5729, HIP 61359, TYC 6683-1116-1, Gaia EDR3- 3501215734352781440",12.34.23,-23.2349,2.66,56.7,178.9,https://in-the-sky.org/data/object.php?id=TYC6683-1116-1
Hassaleh,"ι-Aur, Iota Aurigae, 3-Aur, 3 Aurigae, HR 1577, HD 31398, NSV 1778, HIP 23015, TYC 2391-1446-1, Gaia EDR3- 160886283751041408",04.56.59,+33.0957,2.66,18.2,167.9,https://in-the-sky.org/data/object.php?id=TYC2391-1446-1
Kaus Media,"Kaus Media, δ-Sgr, Delta Sagittarii, 19-Sgr, 19 Sagittarii, HR 6859, HD 168454, HIP 89931, TYC 6856-2170-1, Gaia EDR3- 4049506483413484672",18.20.59,-29.4941,2.68,43.0,129.5,https://in-the-sky.org/data/object.php?id=TYC6856-2170-1
Ruchbah,"Ruchbah, δ-Cas, Delta Cassiopeiae, 37-Cas, 37 Cassiopeiae, HR 403, HD 8538, HIP 6686, TYC 4031-3289-1, Gaia EDR3- 510204838759030144",01.25.49,+60.1406,2.68,300.5,99.4,https://in-the-sky.org/data/object.php?id=TYC4031-3289-1
Muphrid,"Muphrid, η-Boo, Eta Bootis, 8-Boo, 8 Bootis, HR 5235, HD 121370, HIP 67927, TYC 1470-1157-1",13.54.41,+18.2354,2.68,361.5,189.7,https://in-the-sky.org/data/object.php?id=TYC1470-1157-1
Tarazed,"Tarazed, γ-Aql, Gamma Aquilae, 50-Aql, 50 Aquilae, HR 7525, HD 186791, HIP 97278, TYC 1061-2577-1, Gaia EDR3- 4302054339959905920",19.46.15,+10.3647,2.69,16.3,94.8,https://in-the-sky.org/data/object.php?id=TYC1061-2577-1
Zubenelgenubi,"Zubenelgenubi, α²-Lib, Alpha2 Librae, 9-Lib, 9 Librae, HR 5531, HD 130841, NSV 6827, HIP 72622, TYC 6155-1210-1",14.50.52,-16.0230,2.73,125.9,237.1,https://in-the-sky.org/data/object.php?id=TYC6155-1210-1
Yed Prior,"Yed Prior, δ-Oph, Delta Ophiuchi, 1-Oph, 1 Ophiuchi, HR 6056, HD 146051, NSV 7556, HIP 79593, TYC 5037-1068-1, Gaia EDR3- 4357027756659697664",16.14.20,-03.4141,2.73,151.4,197.4,https://in-the-sky.org/data/object.php?id=TYC5037-1068-1
Athebyne,"η-Dra, Eta Draconis, 14-Dra, 14 Draconis, HR 6132, HD 148387, NSV 7713, HIP 80331, TYC 4190-2568-1, Gaia EDR3- 1625209684868707328",16.23.59,+61.3052,2.73,59.4,344.0,https://in-the-sky.org/data/object.php?id=TYC4190-2568-1
Imai,"δ-Cru, Delta Crucis, HR 4656, HD 106490, HIP 59747, TYC 8645-2263-1, Gaia EDR3- 6071060144089351808",12.15.08,-58.4456,2.74,38.6,253.0,https://in-the-sky.org/data/object.php?id=TYC8645-2263-1
Porrima,"Porrima, γ-Vir, Gamma Virginis, 29-Vir, 29 Virginis, HR 4825, HD 110379, NSV 5859, HIP 61941",12.41.40,-01.2658,2.74,617.8,275.7,https://in-the-sky.org/data/object.php?id=HIP61941
Cebalrai,"Cebalrai, β-Oph, Beta Ophiuchi, 60-Oph, 60 Ophiuchi, HR 6603, HD 161096, HIP 86742, TYC 423-1724-1, Gaia EDR3- 4473334474604992384",17.43.28,+04.3404,2.75,164.8,345.3,https://in-the-sky.org/data/object.php?id=TYC423-1724-1
Paikauhale,"τ-Sco, Tau Scorpii, 23-Sco, 23 Scorpii, HR 6165, HD 149438, HIP 81266, TYC 6807-1012-1, Gaia EDR3- 6044420729667868928",16.35.52,-28.1258,2.78,24.9,203.4,https://in-the-sky.org/data/object.php?id=TYC6807-1012-1
Hatysa,"ι-Ori, Iota Orionis, 44-Ori, 44 Orionis, HR 1899, HD 37043, NSV 2334, HIP 26241, TYC 4778-1401-1",05.35.25,-05.5435,2.78,1.5,107.9,https://in-the-sky.org/data/object.php?id=TYC4778-1401-1
Kornephoros,"Kornephoros, β-Her, Beta Herculis, 27-Her, 27 Herculis, HR 6148, HD 148856, NSV 7778, HIP 80816, TYC 1518-1442-1, Gaia EDR3- 1297565458994346240",16.30.13,+21.2922,2.78,99.9,261.4,https://in-the-sky.org/data/object.php?id=TYC1518-1442-1
Cursa,"Cursa, β-Eri, Beta Eridani, 67-Eri, 67 Eridani, HR 1666, HD 33111, NSV 1841, HIP 23875, TYC 4759-1671-1",05.07.51,-05.0510,2.79,112.0,227.7,https://in-the-sky.org/data/object.php?id=TYC4759-1671-1
Rastaban,"Rastaban, β-Dra, Beta Draconis, 23-Dra, 23 Draconis, HR 6536, HD 159181, HIP 85670, TYC 3521-1800-1, Gaia EDR3- 1415230383034813824",17.30.25,+52.1805,2.80,19.7,305.2,https://in-the-sky.org/data/object.php?id=TYC3521-1800-1
Kaus Borealis,"Kaus Borealis, λ-Sgr, Lambda Sagittarii, 22-Sgr, 22 Sagittarii, HR 6913, HD 169916, HIP 90496, TYC 6861-3180-1, Gaia EDR3- 4076915349846977664",18.27.58,-25.2521,2.81,190.7,194.0,https://in-the-sky.org/data/object.php?id=TYC6861-3180-1
Vindemiatrix,"Vindemiatrix, ε-Vir, Epsilon Virginis, 47-Vir, 47 Virginis, HR 4932, HD 113226, NSV 6064, HIP 63608, TYC 886-1326-1, Gaia EDR3- 3736865265441207424",13.02.10,+10.5733,2.82,274.5,274.1,https://in-the-sky.org/data/object.php?id=TYC886-1326-1
Tureis,"Tureis, ρ-Pup, Rho Puppis, 15-Pup, 15 Puppis, HR 3185, HD 67523, HIP 39757, TYC 6555-3245-1, Gaia EDR3- 5698015743046182272",08.07.32,-24.1814,2.83,95.2,299.5,https://in-the-sky.org/data/object.php?id=TYC6555-3245-1
Algenib,"Algenib, γ-Peg, Gamma Pegasi, 88-Peg, 88 Pegasi, HR 39, HD 886, HIP 1067, TYC 1179-1775-1, Gaia EDR3- 2769202742740232960",00.13.14,+15.1100,2.84,10.7,177.4,https://in-the-sky.org/data/object.php?id=TYC1179-1775-1
Nihal,"Nihal, β-Lep, Beta Leporis, 9-Lep, 9 Leporis, HR 1829, HD 36079, NSV 2008, HIP 25606, TYC 5928-1657-1, Gaia EDR3- 2968097043227107840",05.28.14,-20.4532,2.84,86.2,183.3,https://in-the-sky.org/data/object.php?id=TYC5928-1657-1
Deneb Algedi,"δ-Cap, Delta Capricorni, 49-Cap, 49 Capricorni, HR 8322, HD 207098, HIP 107556, TYC 6363-1044-1, Gaia EDR3- 6838311796136238976",21.47.02,-16.0742,2.85,394.3,138.8,https://in-the-sky.org/data/object.php?id=TYC6363-1044-1
Alcyone,"Alcyone, η-Tau, Eta Tauri, 25-Tau, 25 Tauri, HR 1165, HD 23630, HIP 17702, TYC 1800-2202-1, Gaia EDR3- 66714384142368256",03.47.29,+24.0617,2.88,47.8,156.1,https://in-the-sky.org/data/object.php?id=TYC1800-2202-1
Gomeisa,"Gomeisa, β-CMi, Beta Canis Minoris, 3-CMi, 3 Canis Minoris, HR 2845, HD 58715, HIP 36188, TYC 764-2774-1",07.27.09,+08.1721,2.89,64.4,233.5,https://in-the-sky.org/data/object.php?id=TYC764-2774-1
Cor Caroli,"Cor Caroli, α²-CVn, Alpha2 Canum Venaticorum, 12-CVn, 12 Canum Venaticorum, HR 4915, HD 112413, HIP 63125, TYC 3021-2645-1, Gaia EDR3- 1517698716348324992",12.56.01,+38.1907,2.89,240.2,283.2,https://in-the-sky.org/data/object.php?id=TYC3021-2645-1
Fang,"π-Sco, Pi Scorpii, 6-Sco, 6 Scorpii, HR 5944, HD 143018, NSV 7371, HIP 78265, TYC 6783-2697-1, Gaia EDR3- 6235406071207202688",15.58.51,-26.0651,2.89,29.0,205.3,https://in-the-sky.org/data/object.php?id=TYC6783-2697-1
Sadalsuud,"Sadalsuud, β-Aqr, Beta Aquarii, 22-Aqr, 22 Aquarii, HR 8232, HD 204867, HIP 106278, TYC 5216-1725-1, Gaia EDR3- 2671038928727970944",21.31.33,-05.3416,2.89,20.9,113.0,https://in-the-sky.org/data/object.php?id=TYC5216-1725-1
Tejat,"μ-Gem, Mu Geminorum, 13-Gem, 13 Geminorum, HR 2286, HD 44478, HIP 30343, TYC 1878-1429-1",06.22.57,+22.3049,2.90,123.6,152.9,https://in-the-sky.org/data/object.php?id=TYC1878-1429-1
Albaldah,"π-Sgr, Pi Sagittarii, 41-Sgr, 41 Sagittarii, HR 7264, HD 178524, NSV 11769, HIP 94141, TYC 6295-282-1, Gaia EDR3- 4082115215112774272",19.09.45,-21.0125,2.90,36.8,182.1,https://in-the-sky.org/data/object.php?id=TYC6295-282-1
Alniyat,"σ-Sco, Sigma Scorpii, 20-Sco, 20 Scorpii, HR 6084, HD 147165, HIP 80112, TYC 6798-540-1, Gaia EDR3- 6048602103663486592",16.21.11,-25.3534,2.90,19.4,213.1,https://in-the-sky.org/data/object.php?id=TYC6798-540-1
Fawaris,"δ-Cyg, Delta Cygni, 18-Cyg, 18 Cygni, HR 7528, HD 186882, NSV 12380, HIP 97165, TYC 3557-2486-1, Gaia EDR3- 2079784488001577600",19.44.58,+45.0751,2.91,63.2,41.5,https://in-the-sky.org/data/object.php?id=TYC3557-2486-1
Matar,"Matar, η-Peg, Eta Pegasi, 44-Peg, 44 Pegasi, HR 8650, HD 215182, NSV 14285, HIP 112158, TYC 2736-1823-1",22.43.00,+30.1316,2.93,28.8,152.9,https://in-the-sky.org/data/object.php?id=TYC2736-1823-1
Sadalmelik,"Sadalmelik, α-Aqr, Alpha Aquarii, 34-Aqr, 34 Aquarii, HR 8414, HD 209750, HIP 109074, TYC 5224-1806-1, Gaia EDR3- 2680356911816018048",22.05.47,-00.1911,2.93,21.3,119.3,https://in-the-sky.org/data/object.php?id=TYC5224-1806-1
Okab,"ζ-Aql, Zeta Aquilae, 17-Aql, 17 Aquilae, HR 7235, HD 177724, NSV 11724, HIP 93747, TYC 1052-3027-1, Gaia EDR3- 4314399312979641728",19.05.24,+13.5146,2.95,96.1,183.9,https://in-the-sky.org/data/object.php?id=TYC1052-3027-1
Zaurak,"Zaurak, γ-Eri, Gamma Eridani, 34-Eri, 34 Eridani, HR 1231, HD 25025, HIP 18543, TYC 5311-1285-1",03.58.01,-13.3030,2.96,128.8,151.4,https://in-the-sky.org/data/object.php?id=TYC5311-1285-1
Alnasl,"Alnasl, γ-Sgr, Gamma Sagittarii, 10-Sgr, 10 Sagittarii, HR 6746, HD 165135, NSV 10173, HIP 88635, TYC 7391-2710-1",18.05.48,-30.2526,2.96,188.8,196.6,https://in-the-sky.org/data/object.php?id=TYC7391-2710-1
Algorab,"Algorab, δ-Crv, Delta Corvi, 7-Crv, 7 Corvi, HR 4757, HD 108767, NSV 5656, HIP 60965, TYC 6103-2395-1, Gaia EDR3- 3520586071217872896",12.29.51,-16.3057,2.97,251.3,236.4,https://in-the-sky.org/data/object.php?id=TYC6103-2395-1
Aldhanab,"γ-Gru, Gamma Gruis, HR 8353, HD 207971, HIP 108085, TYC 7494-1748-1",21.53.55,-37.2153,2.98,99.0,97.7,https://in-the-sky.org/data/object.php?id=TYC7494-1748-1
Mebsuta,"Mebsuta, ε-Gem, Epsilon Geminorum, 27-Gem, 27 Geminorum, HR 2473, HD 48329, NSV 3183, HIP 32246, TYC 1897-1639-1, Gaia EDR3- 3384529341302871296",06.43.55,+25.0751,2.99,12.7,202.4,https://in-the-sky.org/data/object.php?id=TYC1897-1639-1
Tianguan,"ζ-Tau, Zeta Tauri, 123-Tau, 123 Tauri, HR 1910, HD 37202, HIP 26451, TYC 1310-2697-1, Gaia EDR3- 3402918982515591168",05.37.38,+21.0832,3.00,20.1,174.9,https://in-the-sky.org/data/object.php?id=TYC1310-2697-1
Xamidimura,"μ¹-Sco, Mu1 Scorpii, HR 6247, HD 151890, HIP 82514, TYC 7868-1821-1",16.51.52,-38.0250,3.00,24.5,205.6,https://in-the-sky.org/data/object.php?id=TYC7868-1821-1
Furud,"Furud, ζ-CMa, Zeta Canis Majoris, 1-CMa, 1 Canis Majoris, HR 2282, HD 44402, NSV 2927, HIP 30122, TYC 7073-2426-1, Gaia EDR3- 2896572746685604480",06.20.18,-30.0348,3.02,7.4,55.1,https://in-the-sky.org/data/object.php?id=TYC7073-2426-1
Almaaz,"ε-Aur, Epsilon Aurigae, 7-Aur, 7 Aurigae, HR 1605, HD 31964, HIP 23416, TYC 2907-1275-1, Gaia EDR3- 205499655242974464",05.01.58,+43.4923,3.03,3.2,163.9,https://in-the-sky.org/data/object.php?id=TYC2907-1275-1
Pherkad,"Pherkad, γ-UMi, Gamma Ursae Minoris, 13-UMi, 13 Ursae Minoris, HR 5735, HD 137422, HIP 75097, TYC 4414-2314-1",15.20.43,+71.5002,3.03,25.2,315.3,https://in-the-sky.org/data/object.php?id=TYC4414-2314-1
Seginus,"Seginus, γ-Boo, Gamma Bootis, 27-Boo, 27 Bootis, HR 5435, HD 127762, HIP 71075, TYC 3036-1151-1",14.32.04,+38.1828,3.04,190.4,322.6,https://in-the-sky.org/data/object.php?id=TYC3036-1151-1
Tania Australis,"Tania Australis, μ-UMa, Mu Ursae Majoris, 34-UMa, 34 Ursae Majoris, HR 4069, HD 89758, NSV 4829, HIP 50801, TYC 3004-1418-1",10.22.19,+41.2958,3.04,88.8,293.5,https://in-the-sky.org/data/object.php?id=TYC3004-1418-1
Altais,"Altais, δ-Dra, Delta Draconis, 57-Dra, 57 Draconis, HR 7310, HD 180711, HIP 94376, TYC 4444-2239-1, Gaia EDR3- 2255173119658513408",19.12.33,+67.3943,3.06,132.2,45.7,https://in-the-sky.org/data/object.php?id=TYC4444-2239-1
Albireo,"Albireo, β¹-Cyg, Beta1 Cygni, 6-Cyg, 6 Cygni, HR 7417, HD 183912, NSV 12105, HIP 95947, TYC 2133-2964-1",19.30.43,+27.5734,3.07,9.4,229.4,https://in-the-sky.org/data/object.php?id=TYC2133-2964-1
Dabih,"Dabih, β-Cap, Beta Capricorni, 9-Cap, 9 Capricorni, HR 7776, HD 193495, HIP 100345, TYC 5753-2281-1",20.21.00,-14.4653,3.07,45.5,80.7,https://in-the-sky.org/data/object.php?id=TYC5753-2281-1
Sarin,"Sarin, δ-Her, Delta Herculis, 65-Her, 65 Herculis, HR 6410, HD 156164, NSV 8419, HIP 84379, TYC 2065-1930-1, Gaia EDR3- 4573412435280434560",17.15.01,+24.5018,3.11,158.2,187.6,https://in-the-sky.org/data/object.php?id=TYC2065-1930-1
Wazn,"Wazn, β-Col, Beta Columbae, HR 2040, HD 39425, HIP 27628, TYC 7069-1482-1, Gaia EDR3- 2887731882922767744",05.50.57,-35.4559,3.11,408.2,7.7,https://in-the-sky.org/data/object.php?id=TYC7069-1482-1
Talitha,"Talitha, ι-UMa, Iota Ursae Majoris, 9-UMa, 9 Ursae Majoris, HR 3569, HD 76644, NSV 4329, HIP 44127, TYC 3420-2149-1, Gaia EDR3- 1014058103758571520",08.59.11,+48.0227,3.14,489.2,244.0,https://in-the-sky.org/data/object.php?id=TYC3420-2149-1
Haedus,"η-Aur, Eta Aurigae, 10-Aur, 10 Aurigae, HR 1641, HD 32630, NSV 1822, HIP 23767, TYC 2899-2237-1, Gaia EDR3- 201261278441958656",05.06.30,+41.1403,3.17,74.5,156.5,https://in-the-sky.org/data/object.php?id=TYC2899-2237-1
Tabit,"π³-Ori, Pi3 Orionis, 1-Ori, 1 Orionis, HR 1543, HD 30652, NSV 1731, HIP 22449, TYC 96-1462-1, Gaia EDR3- 3288921720025503360",04.49.50,+06.5740,3.18,464.1,88.5,https://in-the-sky.org/data/object.php?id=TYC96-1462-1
Aldhibah,"ζ-Dra, Zeta Draconis, 22-Dra, 22 Draconis, HR 6396, HD 155763, HIP 83895, TYC 4210-1048-1",17.08.47,+65.4252,3.18,28.3,313.8,https://in-the-sky.org/data/object.php?id=TYC4210-1048-1
Fuyue,"G-Sco, G Scorpii, HR 6630, HD 161892, HIP 87261, TYC 7389-2159-1",17.49.51,-37.0235,3.19,48.9,56.1,https://in-the-sky.org/data/object.php?id=TYC7389-2159-1
Errai,"Errai, γ-Cep, Gamma Cephei, 35-Cep, 35 Cephei, HR 8974, HD 222404, NSV 14656, HIP 116727, TYC 4606-3584-1",23.39.20,+77.3756,3.21,135.4,339.3,https://in-the-sky.org/data/object.php?id=TYC4606-3584-1
Acamar,"Acamar, θ¹-Eri, Theta1 Eridani, HR 897, HD 18622, NSV 1002, HIP 13847, TYC 7563-1016-1, Gaia EDR3- 5044368071870093312",02.58.15,-40.1816,3.22,57.1,293.8,https://in-the-sky.org/data/object.php?id=TYC7563-1016-1
Sulafat,"Sulafat, γ-Lyr, Gamma Lyrae, 14-Lyr, 14 Lyrae, HR 7178, HD 176437, NSV 11624, HIP 93194, TYC 2643-3346-1, Gaia EDR3- 2043823929421342848",18.58.56,+32.4122,3.22,3.4,299.5,https://in-the-sky.org/data/object.php?id=TYC2643-3346-1
Alfirk,"Alfirk, β-Cep, Beta Cephei, 8-Cep, 8 Cephei, HR 8238, HD 205021, HIP 106032, TYC 4465-2643-1, Gaia EDR3- 2272185759996420992",21.28.39,+70.3338,3.23,15.1,56.2,https://in-the-sky.org/data/object.php?id=TYC4465-2643-1
Yed Posterior,"Yed Posterior, ε-Oph, Epsilon Ophiuchi, 2-Oph, 2 Ophiuchi, HR 6075, HD 146791, HIP 79882, TYC 5042-999-1, Gaia EDR3- 4356298849169862784",16.18.19,-04.4132,3.24,93.3,64.1,https://in-the-sky.org/data/object.php?id=TYC5042-999-1
Skat,"Skat, δ-Aqr, Delta Aquarii, 76-Aqr, 76 Aquarii, HR 8709, HD 216627, NSV 14356, HIP 113136, TYC 6387-1382-1",22.54.39,-15.4914,3.27,50.9,236.8,https://in-the-sky.org/data/object.php?id=TYC6387-1382-1
Brachium,"σ-Lib, Sigma Librae, 20-Lib, 20 Librae, HR 5603, HD 133216, HIP 73714, TYC 6752-1455-1, Gaia EDR3- 6227443304915069056",15.04.04,-25.1655,3.28,85.0,239.9,https://in-the-sky.org/data/object.php?id=TYC6752-1455-1
Edasich,"Edasich, ι-Dra, Iota Draconis, 12-Dra, 12 Draconis, HR 5744, HD 137759, NSV 7077, HIP 75458, TYC 3875-1620-1, Gaia EDR3- 1614731957531452544",15.24.55,+58.5758,3.30,19.1,334.7,https://in-the-sky.org/data/object.php?id=TYC3875-1620-1
Propus,"Propus, η-Gem, Eta Geminorum, 7-Gem, 7 Geminorum, HR 2216, HD 42995, HIP 29655, TYC 1877-1716-1",06.14.52,+22.3024,3.30,63.6,259.0,https://in-the-sky.org/data/object.php?id=TYC1877-1716-1
Megrez,"Megrez, δ-UMa, Delta Ursae Majoris, 69-UMa, 69 Ursae Majoris, HR 4660, HD 106591, NSV 5513, HIP 59774, TYC 3837-1070-1, Gaia EDR3- 1575287046603605888",12.15.25,+57.0157,3.30,104.3,85.5,https://in-the-sky.org/data/object.php?id=TYC3837-1070-1
Chertan,"Chertan, θ-Leo, Theta Leonis, 70-Leo, 70 Leonis, HR 4359, HD 97633, NSV 5144, HIP 54879, TYC 1437-2847-1, Gaia EDR3- 3970052886914547712",11.14.14,+15.2545,3.30,99.3,217.6,https://in-the-sky.org/data/object.php?id=TYC1437-2847-1
Azmidi,"ξ-Pup, Xi Puppis, 7-Pup, 7 Puppis, HR 3045, HD 63700, HIP 38170, TYC 6557-4522-1",07.49.17,-24.5135,3.32,4.9,259.5,https://in-the-sky.org/data/object.php?id=TYC6557-4522-1
Alzirr,"ξ-Gem, Xi Geminorum, 31-Gem, 31 Geminorum, HR 2484, HD 48737, NSV 3193, HIP 32362, TYC 754-2356-1, Gaia EDR3- 3352485999058854912",06.45.17,+12.5341,3.33,223.3,210.9,https://in-the-sky.org/data/object.php?id=TYC754-2356-1
Rasalgethi,"Rasalgethi, Alp Her, α¹-Her, Alpha1 Herculis, 64-Her, 64 Herculis, HR 6406, HD 156014, HIP 84345, TYC 990-2133-1",17.14.38,+14.2325,3.34,36.8,348.5,https://in-the-sky.org/data/object.php?id=TYC990-2133-1
Muscida,"Muscida, O-UMa, Omicron Ursae Majoris, 1-UMa, 1 Ursae Majoris, HR 3323, HD 71369, NSV 4093, HIP 41704, TYC 4127-2431-1, Gaia EDR3- 1041808368494264576",08.30.15,+60.4303,3.36,171.6,231.1,https://in-the-sky.org/data/object.php?id=TYC4127-2431-1
Heze,"ζ-Vir, Zeta Virginis, 79-Vir, 79 Virginis, HR 5107, HD 118098, HIP 66249, TYC 4966-1366-1",13.34.41,-00.3545,3.38,284.7,279.9,https://in-the-sky.org/data/object.php?id=TYC4966-1366-1
Chamukuy,"θ²-Tau, Theta2 Tauri, 78-Tau, 78 Tauri, HR 1412, HD 28319, HIP 20894, TYC 1265-1172-1",04.28.39,+15.5215,3.39,111.7,103.9,https://in-the-sky.org/data/object.php?id=TYC1265-1172-1
Mothallah,"Mothallah, α-Tri, Alpha Trianguli, 2-Tri, 2 Trianguli, HR 544, HD 11443, HIP 8796, TYC 1763-3028-1",01.53.04,+29.3443,3.41,234.5,177.4,https://in-the-sky.org/data/object.php?id=TYC1763-3028-1
Minelauva,"δ-Vir, Delta Virginis, 43-Vir, 43 Virginis, HR 4910, HD 112300, NSV 6026, HIP 63090, TYC 294-1032-1, Gaia EDR3- 3704342295607157120",12.55.35,+03.2350,3.41,472.8,263.5,https://in-the-sky.org/data/object.php?id=TYC294-1032-1
Ashlesha,"ε-Hya, Epsilon Hydrae, 11-Hya, 11 Hydrae, HR 3482, HD 74874, HIP 43109, TYC 224-1333-1",08.46.46,+06.2507,3.42,232.3,259.1,https://in-the-sky.org/data/object.php?id=TYC224-1333-1
Homam,"Homam, ζ-Peg, Zeta Pegasi, 42-Peg, 42 Pegasi, HR 8634, HD 214923, HIP 112029, TYC 1155-2187-1",22.41.27,+10.4953,3.42,78.1,98.4,https://in-the-sky.org/data/object.php?id=TYC1155-2187-1
Adhafera,"Adhafera, ζ-Leo, Zeta Leonis, 36-Leo, 36 Leonis, HR 4031, HD 89025, NSV 4804, HIP 50335, TYC 1969-1261-1",10.16.41,+23.2502,3.44,19.6,110.4,https://in-the-sky.org/data/object.php?id=TYC1969-1261-1
Tania Borealis,"Tania Borealis, λ-UMa, Lambda Ursae Majoris, 33-UMa, 33 Ursae Majoris, HR 4033, HD 89021, HIP 50372, TYC 3007-1286-1",10.17.05,+42.5452,3.44,186.4,255.7,https://in-the-sky.org/data/object.php?id=TYC3007-1286-1
Achird,"η-Cas, Eta Cassiopeiae, 24-Cas, 24 Cassiopeiae, HR 219, HD 4614, HIP 3821, TYC 3663-2669-1",00.49.05,+57.4859,3.46,1220.0,117.2,https://in-the-sky.org/data/object.php?id=TYC3663-2669-1
Nganurganity,"σ-CMa, Sigma Canis Majoris, 22-CMa, 22 Canis Majoris, HR 2646, HD 52877, HIP 33856, TYC 6531-3793-1, Gaia EDR3- 5610441600394646016",07.01.43,-27.5605,3.47,7.5,310.6,https://in-the-sky.org/data/object.php?id=TYC6531-3793-1
Nekkar,"Nekkar, β-Boo, Beta Bootis, 42-Boo, 42 Bootis, HR 5602, HD 133208, NSV 6898, HIP 73555, TYC 3047-1258-1, Gaia EDR3- 1296713990316692096",15.01.56,+40.2325,3.48,50.7,233.5,https://in-the-sky.org/data/object.php?id=TYC3047-1258-1
Alula Borealis,"Alula Borealis, ν-UMa, Nu Ursae Majoris, 54-UMa, 54 Ursae Majoris, HR 4377, HD 98262, HIP 55219, TYC 2520-2631-1, Gaia EDR3- 757565233820538752",11.18.28,+33.0539,3.48,38.2,316.9,https://in-the-sky.org/data/object.php?id=TYC2520-2631-1
Sadalbari,"Sadalbari, μ-Peg, Mu Pegasi, 48-Peg, 48 Pegasi, HR 8684, HD 216131, HIP 112748, TYC 2225-1821-1, Gaia EDR3- 1876510592179455744",22.50.00,+24.3605,3.51,151.3,106.3,https://in-the-sky.org/data/object.php?id=TYC2225-1821-1
Subra,"Subra, O-Leo, Omicron Leonis, 14-Leo, 14 Leonis, HR 3852, HD 83808, HIP 47508, TYC 821-2130-1, Gaia EDR3- 588551501854159744",09.41.08,+09.5331,3.51,147.4,255.3,https://in-the-sky.org/data/object.php?id=TYC821-2130-1
Tarf,"β-Cnc, Beta Cancri, 17-Cnc, 17 Cancri, HR 3249, HD 69267, NSV 3973, HIP 40526, TYC 794-1622-1, Gaia EDR3- 3098404220680931968",08.16.30,+09.1107,3.52,67.4,222.7,https://in-the-sky.org/data/object.php?id=TYC794-1622-1
Rana,"δ-Eri, Delta Eridani, 23-Eri, 23 Eridani, HR 1136, HD 23249, HIP 17378, TYC 5303-1320-1, Gaia EDR3- 5164120762333028736",03.43.14,-09.4536,3.53,750.2,352.8,https://in-the-sky.org/data/object.php?id=TYC5303-1320-1
Meissa,"Meissa, λ-Ori, Lambda Orionis, 39-Ori, 39 Orionis, HR 1879, HD 36861, NSV 2240, HIP 26207, TYC 705-2400-1",05.35.08,+09.5602,3.53,3.0,186.6,https://in-the-sky.org/data/object.php?id=TYC705-2400-1
Pipirima,"μ²-Sco, Mu2 Scorpii, HR 6252, HD 151985, HIP 82545, TYC 7868-1820-1, Gaia EDR3- 5971244451311982336",16.52.20,-38.0103,3.53,25.6,208.2,https://in-the-sky.org/data/object.php?id=TYC7868-1820-1
Ain,"Ain, ε-Tau, Epsilon Tauri, 74-Tau, 74 Tauri, HR 1409, HD 28305, HIP 20889, TYC 1273-1104-1, Gaia EDR3- 48026706558487040",04.28.37,+19.1048,3.53,113.5,108.6,https://in-the-sky.org/data/object.php?id=TYC1273-1104-1
Biham,"Biham, θ-Peg, Theta Pegasi, 26-Peg, 26 Pegasi, HR 8450, HD 210418, NSV 14057, HIP 109427, TYC 565-1999-1",22.10.11,+06.1152,3.53,283.8,83.8,https://in-the-sky.org/data/object.php?id=TYC565-1999-1
Wasat,"Wasat, δ-Gem, Delta Geminorum, 55-Gem, 55 Geminorum, HR 2777, HD 56986, HIP 35550, TYC 1359-2672-1",07.20.07,+21.5856,3.54,18.0,237.1,https://in-the-sky.org/data/object.php?id=TYC1359-2672-1
Kaffaljidhma,"γ-Cet, Gamma Ceti, 86-Cet, 86 Ceti, HR 804, HD 16970, HIP 12706, TYC 50-1721-1",02.43.18,+03.1410,3.57,206.6,225.0,https://in-the-sky.org/data/object.php?id=TYC50-1721-1
Alkaphrah,"κ-UMa, Kappa Ursae Majoris, 12-UMa, 12 Ursae Majoris, HR 3594, HD 77327, NSV 4357, HIP 44471, TYC 3424-1626-1",09.03.37,+47.0923,3.58,66.2,213.2,https://in-the-sky.org/data/object.php?id=TYC3424-1626-1
Algedi,"Algedi, α²-Cap, Alpha2 Capricorni, 6-Cap, 6 Capricorni, HR 7754, HD 192947, HIP 100064, TYC 5749-2530-1, Gaia EDR3- 6880093650314169984",20.18.03,-12.3241,3.58,61.3,87.7,https://in-the-sky.org/data/object.php?id=TYC5749-2530-1
Nembus,"51-And, 51 Andromedae, HR 464, HD 9927, HIP 7607, TYC 3282-2271-1, Gaia EDR3- 399402894487590144",01.37.59,+48.3739,3.58,128.5,150.7,https://in-the-sky.org/data/object.php?id=TYC3282-2271-1
Ginan,"ε-Cru, Epsilon Crucis, HR 4700, HD 107446, NSV 5568, HIP 60260, TYC 8975-4125-1, Gaia EDR3- 6058271964884299520",12.21.21,-60.2402,3.58,194.3,298.2,https://in-the-sky.org/data/object.php?id=TYC8975-4125-1
Bharani,"c-Ari, c Arietis, 41-Ari, 41 Arietis, HR 838, HD 17573, NSV 951, HIP 13209, TYC 1789-1490-1",02.49.59,+27.1537,3.59,134.3,150.2,https://in-the-sky.org/data/object.php?id=TYC1789-1490-1
Zavijava,"Zavijava, β-Vir, Beta Virginis, 5-Vir, 5 Virginis, HR 4540, HD 102870, HIP 57757, TYC 273-924-1, Gaia EDR3- 3796442680948579328",11.50.42,+01.4548,3.59,788.7,110.1,https://in-the-sky.org/data/object.php?id=TYC273-924-1
Atlas,"Atlas, 27-Tau, 27 Tauri, HR 1178, HD 23850, NSV 1345, HIP 17847, TYC 1800-2203-1, Gaia EDR3- 66526127137440128",03.49.09,+24.0311,3.61,50.0,157.6,https://in-the-sky.org/data/object.php?id=TYC1800-2203-1
Alpherg,"η-Psc, Eta Piscium, 99-Psc, 99 Piscium, HR 437, HD 9270, NSV 532, HIP 7097, TYC 1198-1597-1, Gaia EDR3- 2591891443195067264",01.31.29,+15.2044,3.61,28.8,96.4,https://in-the-sky.org/data/object.php?id=TYC1198-1597-1
Sheliak,"Sheliak, β-Lyr, Beta Lyrae, 10-Lyr, 10 Lyrae, HR 7106, HD 174638, HIP 92420, TYC 2642-2929-1, Gaia EDR3- 2090687795056051328",18.50.04,+33.2145,3.63,4.2,151.0,https://in-the-sky.org/data/object.php?id=TYC2642-2929-1
Rotanev,"Rotanev, β-Del, Beta Delphini, 6-Del, 6 Delphini, HR 7882, HD 196524, HIP 101769, TYC 1100-1720-1",20.37.32,+14.3542,3.63,127.5,112.1,https://in-the-sky.org/data/object.php?id=TYC1100-1720-1
Nusakan,"Nusakan, β-CrB, Beta Coronae Borealis, 3-CrB, 3 Coronae Borealis, HR 5747, HD 137909, HIP 75695, TYC 2032-1605-1",15.27.49,+29.0620,3.64,199.6,295.5,https://in-the-sky.org/data/object.php?id=TYC2032-1605-1
Prima Hyadum,"γ-Tau, Gamma Tauri, 54-Tau, 54 Tauri, HR 1346, HD 27371, NSV 1553, HIP 20205, TYC 1264-1009-1, Gaia EDR3- 3312052249215275904",04.19.47,+15.3739,3.65,118.6,101.4,https://in-the-sky.org/data/object.php?id=TYC1264-1009-1
Thuban,"Thuban, α-Dra, Alpha Draconis, 11-Dra, 11 Draconis, HR 5291, HD 123299, NSV 6546, HIP 68756, TYC 4174-1262-1",14.04.23,+64.2232,3.65,58.9,287.0,https://in-the-sky.org/data/object.php?id=TYC4174-1262-1
Fulu,"ζ-Cas, Zeta Cassiopeiae, 17-Cas, 17 Cassiopeiae, HR 153, HD 3360, NSV 225, HIP 2920, TYC 3654-2132-1, Gaia EDR3- 418001477279154304",00.36.58,+53.5348,3.68,19.9,118.6,https://in-the-sky.org/data/object.php?id=TYC3654-2132-1
Nashira,"Nashira, γ-Cap, Gamma Capricorni, 40-Cap, 40 Capricorni, HR 8278, HD 206088, HIP 106985, TYC 6362-1078-1",21.40.05,-16.3944,3.68,188.9,96.8,https://in-the-sky.org/data/object.php?id=TYC6362-1078-1
Taiyangshou,"χ-UMa, Chi Ursae Majoris, 63-UMa, 63 Ursae Majoris, HR 4518, HD 102224, NSV 5319, HIP 57399, TYC 3452-2140-1, Gaia EDR3- 786420645182229504",11.46.02,+47.4646,3.69,141.2,281.7,https://in-the-sky.org/data/object.php?id=TYC3452-2140-1
Electra,"Electra, 17-Tau, 17 Tauri, HR 1142, HD 23302, HIP 17499, TYC 1799-1441-1, Gaia EDR3- 65271996684817280",03.44.52,+24.0647,3.71,50.5,156.0,https://in-the-sky.org/data/object.php?id=TYC1799-1441-1
Alshain,"Alshain, β-Aql, Beta Aquilae, 60-Aql, 60 Aquilae, HR 7602, HD 188512, NSV 12557, HIP 98036, TYC 493-3355-1, Gaia EDR3- 4296708789290712064",19.55.18,+06.2416,3.72,483.2,174.5,https://in-the-sky.org/data/object.php?id=TYC493-3355-1
Ran,"Ran, ε-Eri, Epsilon Eridani, 18-Eri, 18 Eridani, HR 1084, HD 22049, HIP 16537, TYC 5296-1533-1",03.32.55,-09.2729,3.72,975.4,271.1,https://in-the-sky.org/data/object.php?id=TYC5296-1533-1
Grumium,"Grumium, ξ-Dra, Xi Draconis, 32-Dra, 32 Draconis, HR 6688, HD 163588, HIP 87585, TYC 3910-1710-1, Gaia EDR3- 1421593566062037120",17.53.31,+56.5222,3.73,122.5,49.9,https://in-the-sky.org/data/object.php?id=TYC3910-1710-1
Baten Kaitos,"Baten Kaitos, ζ-Cet, Zeta Ceti, 55-Cet, 55 Ceti, HR 539, HD 11353, NSV 638, HIP 8645, TYC 5278-2437-1",01.51.27,-10.2006,3.73,55.2,132.4,https://in-the-sky.org/data/object.php?id=TYC5278-2437-1
Albali,"Albali, ε-Aqr, Epsilon Aquarii, 2-Aqr, 2 Aquarii, HR 7950, HD 198001, HIP 102618, TYC 5760-1997-1, Gaia EDR3- 6903096911032851584",20.47.40,-09.2945,3.76,48.7,135.8,https://in-the-sky.org/data/object.php?id=TYC5760-1997-1
Secunda Hyadum,"δ-Tau, Delta Tauri, 61-Tau, 61 Tauri, HR 1373, HD 27697, NSV 1582, HIP 20455, TYC 1268-1267-1, Gaia EDR3- 3314024566919613952",04.22.56,+17.3232,3.76,109.8,104.6,https://in-the-sky.org/data/object.php?id=TYC1268-1267-1
Miram,"η-Per, Eta Persei, 15-Per, 15 Persei, HR 834, HD 17506, HIP 13268, TYC 3704-1332-1, Gaia EDR3- 454491381981202944",02.50.41,+55.5343,3.76,21.2,129.6,https://in-the-sky.org/data/object.php?id=TYC3704-1332-1
Saclateni,"ζ-Aur, Zeta Aurigae, 8-Aur, 8 Aurigae, HR 1612, HD 32068, HIP 23453, TYC 2899-2236-1",05.02.28,+41.0433,3.77,22.8,155.5,https://in-the-sky.org/data/object.php?id=TYC2899-2236-1
Sualocin,"Sualocin, α-Del, Alpha Delphini, 9-Del, 9 Delphini, HR 7906, HD 196867, NSV 13207, HIP 101958, TYC 1633-2442-1",20.39.38,+15.5443,3.78,54.5,81.1,https://in-the-sky.org/data/object.php?id=TYC1633-2442-1
Misam,"κ-Per, Kappa Persei, 27-Per, 27 Persei, HR 941, HD 19476, NSV 1055, HIP 14668, TYC 2859-2274-1",03.09.29,+44.5127,3.79,224.7,129.7,https://in-the-sky.org/data/object.php?id=TYC2859-2274-1
Praecipua,"46-LMi, 46 Leonis Minoris, HR 4247, HD 94264, NSV 4999, HIP 53229, TYC 2521-2271-1",10.53.18,+34.1253,3.79,300.3,162.2,https://in-the-sky.org/data/object.php?id=TYC2521-2271-1
Theemin,"υ²-Eri, Upsilon2 Eridani, 52-Eri, 52 Eridani, HR 1464, HD 29291, HIP 21393, TYC 7038-1509-1, Gaia EDR3- 4878631812268014464",04.35.32,-30.3344,3.81,51.0,255.8,https://in-the-sky.org/data/object.php?id=TYC7038-1509-1
Giausar,"λ-Dra, Lambda Draconis, 1-Dra, 1 Draconis, HR 4434, HD 100029, NSV 5231, HIP 56211, TYC 4392-1805-1, Gaia EDR3- 1061909811871141504",11.31.24,+69.1951,3.81,45.3,245.4,https://in-the-sky.org/data/object.php?id=TYC4392-1805-1
Polis,"μ-Sgr, Mu Sagittarii, 13-Sgr, 13 Sagittarii, HR 6812, HD 166937, HIP 89341, TYC 6276-3093-1, Gaia EDR3- 4093933487636355968",18.13.45,-21.0331,3.84,0.6,148.0,https://in-the-sky.org/data/object.php?id=TYC6276-3093-1
Sadachbia,"Sadachbia, γ-Aqr, Gamma Aquarii, 48-Aqr, 48 Aquarii, HR 8518, HD 212061, NSV 14132, HIP 110395, TYC 5226-1606-1",22.21.39,-01.2314,3.85,129.8,86.6,https://in-the-sky.org/data/object.php?id=TYC5226-1606-1
Iklil,"ρ-Sco, Rho Scorpii, 5-Sco, 5 Scorpii, HR 5928, HD 142669, HIP 78104, TYC 6791-2509-1, Gaia EDR3- 6041076668127513984",15.56.53,-29.1251,3.85,29.1,215.7,https://in-the-sky.org/data/object.php?id=TYC6791-2509-1
Maia,"Maia, 20-Tau, 20 Tauri, HR 1149, HD 23408, NSV 1279, HIP 17573, TYC 1799-1439-1, Gaia EDR3- 65283232316451328",03.45.49,+24.2203,3.86,49.5,156.8,https://in-the-sky.org/data/object.php?id=TYC1799-1439-1
Zaniah,"Zaniah, η-Vir, Eta Virginis, 15-Vir, 15 Virginis, HR 4689, HD 107259, NSV 5555, HIP 60129, TYC 4940-1158-1",12.19.54,-00.4000,3.87,62.8,246.4,https://in-the-sky.org/data/object.php?id=TYC4940-1158-1
Rasalas,"Rasalas, μ-Leo, Mu Leonis, 24-Leo, 24 Leonis, HR 3905, HD 85503, HIP 48455, TYC 1964-1473-1, Gaia EDR3- 643819484617141504",09.52.45,+26.0024,3.88,223.2,255.7,https://in-the-sky.org/data/object.php?id=TYC1964-1473-1
Ukdah,"ι-Hya, Iota Hydrae, 35-Hya, 35 Hydrae, HR 3845, HD 83618, NSV 4568, HIP 47431, TYC 4894-2529-1, Gaia EDR3- 3827873938815011200",09.39.51,-01.0835,3.89,77.8,143.5,https://in-the-sky.org/data/object.php?id=TYC4894-2529-1
Azha,"Azha, η-Eri, Eta Eridani, 3-Eri, 3 Eridani, HR 874, HD 18322, NSV 988, HIP 13701, TYC 5287-1076-1, Gaia EDR3- 5173421634271199104",02.56.25,-08.5356,3.90,232.7,160.4,https://in-the-sky.org/data/object.php?id=TYC5287-1076-1
Sceptrum,"l-Eri, l Eridani, 53-Eri, 53 Eridani, HR 1481, HD 29503, HIP 21594, TYC 5327-1434-1",04.38.10,-14.1814,3.90,192.7,203.4,https://in-the-sky.org/data/object.php?id=TYC5327-1434-1
Atik,"Atik, O-Per, Omicron Persei, 38-Per, 38 Persei, HR 1131, HD 23180, HIP 17448, TYC 2359-1258-1, Gaia EDR3- 216718178536050176",03.44.19,+32.1717,3.91,11.5,148.0,https://in-the-sky.org/data/object.php?id=TYC2359-1258-1
Dalim,"α-For, Alpha Fornacis, HR 963, HD 20010, NSV 1074, HIP 14879, TYC 6445-990-1",03.12.04,-28.5920,3.92,715.0,31.2,https://in-the-sky.org/data/object.php?id=TYC6445-990-1
Zubenelhakrabi,"γ-Lib, Gamma Librae, 38-Lib, 38 Librae, HR 5787, HD 138905, HIP 76333, TYC 5608-1381-1, Gaia EDR3- 6265374394490973184",15.35.31,-14.4722,3.92,65.1,83.1,https://in-the-sky.org/data/object.php?id=TYC5608-1381-1
Asellus Australis,"Asellus Australis, δ-Cnc, Delta Cancri, 47-Cnc, 47 Cancri, HR 3461, HD 74442, HIP 42911, TYC 1396-2758-1, Gaia EDR3- 660136821288588416",08.44.41,+18.0911,3.93,228.6,184.6,https://in-the-sky.org/data/object.php?id=TYC1396-2758-1
Rukbat,"Rukbat, α-Sgr, Alpha Sagittarii, HR 7348, HD 181869, HIP 95347, TYC 7935-2139-1, Gaia EDR3- 6713727061309245952",19.23.53,-40.3659,3.94,124.2,165.2,https://in-the-sky.org/data/object.php?id=TYC7935-2139-1
Kitalpha,"Kitalpha, α-Equ, Alpha Equulei, 8-Equ, 8 Equulei, HR 8131, HD 202447, HIP 104987, TYC 536-2354-1",21.15.49,+05.1452,3.94,111.5,147.5,https://in-the-sky.org/data/object.php?id=TYC536-2354-1
Arkab Prior,"Arkab Prior, β¹-Sgr, Beta1 Sagittarii, HR 7337, HD 181454, HIP 95241, TYC 7943-2105-1",19.22.38,-44.2732,3.94,23.4,144.3,https://in-the-sky.org/data/object.php?id=TYC7943-2105-1
