Common Name,Right Ascension (HH.MM.SS),Declination (DD.SS),"Magnitude (V, Visual)",Proper Motion RA (mas/yr),Proper Motion DEC (mas/yr),Alternative Names,URL
Tianyi,12.47.3434473,66.47250977,5.43,6.674,-6.498,"Tianyi, 7 Dra, BD+67°764, FK5 3020, HD 111335, HIP 62423, HR 4863, SAO 15902",https://en.wikipedia.org/wiki/7_Draconis
Mekbuda,07.04.0653079,20.34130739,3.93,-7.29,-0.41,"Mekbuda, ζ Gem, 43 Gem, BD+20°1687, FK5 269, HD 52973, HIP 34088, HR 2650, SAO 79031, WDS J07041+2034A",https://en.wikipedia.org/wiki/Zeta_Geminorum
Kurhah,22.03.47455,64.374071,4.2,215.46,91.06,"Kurhah, 17 Cephei, BD+63°1802, CCDM J22038+2407, HIP 108917, HR 8417, SAO 19827, WDS J22038+6438",https://en.wikipedia.org/wiki/Xi_Cephei
Ogma,16.30.2961858,38.20503090,8.15,-77.963,52.682,"Ogma, BD+38°2787, HD 149026, HIP 80838, SAO 65349, TOI-2024, TIC 255930614, GSC 03063-01587",https://en.wikipedia.org/wiki/HD_149026
Sika,19.22.52985,-32.550859,7.84,88.036,-415.197,"Sika, CD–33°14164, HD 181720, HIP 95262, SAO 211218, PPM 298918, LTT 7666, NLTT 47718, GCRV 69331, 2MASS J19225298-3255079",https://en.wikipedia.org/wiki/HD_181720
Illyrian,09.35.45184,34.465067,7.63,16.321,-35.251,"Illyrian, BD+35°2026, HD 82886, HIP 47087, SAO 61587",https://en.wikipedia.org/wiki/HD_82886
Sterrennacht,23.39.058103,42.2757505,10.47,-20.202,2.996,"Sterrennacht, BD+41 4831, TOI-1373, TIC 176899385, TYC 3239-992-1, GSC 03239-00992, 2MASS J23390581+4227575, HAT-P-6",https://en.wikipedia.org/wiki/HAT-P-6
Chara,12.33.4454425,41.21269214,4.25,-704.702,292.155,"Chara, β CVn, 8 CVn, BD+42 2321, FK5 470, GJ 475, HD 109358, HIP 61317, HR 4785, SAO 44230, NGC 4530",https://en.wikipedia.org/wiki/Beta_Canum_Venaticorum
Mira,02.19.2079210,-02.58394956,2.0,9.33,-237.36,"Stella Mira, Collum Ceti, Wonderful Star, ο Ceti, 68 Ceti, BD−03°353, HD 14386, HIP 10826, HR 681, LTT 1179, SAO 129825",https://en.wikipedia.org/wiki/Mira
Khambalia,14.19.0659235,-13.22159459,4.52,-15.91,28.92,"Khambalia, 100 Virginis, λ Vir, BD−12°4018, FK5 1371, HD 125337, HIP 69974, HR 5359, SAO 158489.",https://en.wikipedia.org/wiki/Lambda_Virginis
Asellus Borealis,08.43.1714820,21.28066008,4.673,-103.51,-39.48,"Asellus Borealis, γ Cnc, Gamma Cnc, 43 Cnc, BD+21° 1895, FK5 1228, GC 11982, HD 74198, HIP 42806, HR 3449, SAO 80378, CCDM 08433+2128",https://en.wikipedia.org/wiki/Gamma_Cancri
Titawin,01.36.5040476,41.23321228,4.10,-172.437,-383.824,"Titawin, 50 Andromedae, BD+40 332, CCDM 01367+4125, FK5 1045, GC 1948, GCTP 331.00, Gl 61, HD 9826, HIP 7513, HR 458, LTT 10561, SAO 37362, PPM 44216, WDS 01368+4124A, 2MASS J01364784+4124200, Gaia DR2 348020448377061376",https://en.wikipedia.org/wiki/Upsilon_Andromedae
Anser,19.28.423299,24.3953661,4.40,-126.197,-106.865,"Anser, α Vul, 6 Vulpeculae, BD+24°3759, FK5 1508, HD 183439, HIP 95771, HR 7405, SAO 87261, CCDM J19288+2442A, WDS J19287+2440A",https://en.wikipedia.org/wiki/Alpha_Vulpeculae
Belenos,01.25.1251573,28.34001030,7.12,251.270,-157.570,"Bélénos, BD+27°225, GC 1710, HD 8574, HIP 6643, SAO 74702, LTT 10508, NLTT 4709",https://en.wikipedia.org/wiki/HD_8574
Bubup,05.37.020168,-73.4157645,6.70,138.794,-108.499,"Bubup, CD−73°253, HD 38283, HIP 26380, SAO 256213, 2MASS J05370199-7341574",https://en.wikipedia.org/wiki/HD_38283
Meridiana,19.09.2834097,-37.54161022,4.102,84.87,-95.99,"Meridiana, α CrA, Alf CrA, CD−38°13350, FK5 718, GC 26360, HD 178253, HIP 94114, HR 7254, SAO 210990, IRAS 19060-3759, 2MASS J19092834-3754157",https://en.wikipedia.org/wiki/Alpha_Coronae_Australis
Segin,01.54.2373409,63.40123602,3.37,29.587,-18.387,"Segin, Epsilon Cas, ε Cas, 45 Cassiopeiae, BD+62 320, FK5 63, HD 11415, HIP 8886, HR 542, SAO 12031",https://en.wikipedia.org/wiki/Epsilon_Cassiopeiae
Dziban,17.41.5810460,72.09248581,5.82,34.89,-275.94,"Dziban, 31 Dra, ADS 10759 AB, Gliese 694.1",https://en.wikipedia.org/wiki/Psi1_Draconis
Pleione,03.49.112166,24.0812157,4.77,19.496,-47.650,"Pleione, 28 Tau, BU Tau, BD+23°558, GC 4587, HD 23862, HIP 17851, HR 1180, SAO 76229",https://en.wikipedia.org/wiki/Pleione_(star)
Salm,23.20.3824188,23.44252098,4.58,29.45,-9.53,"Salm, 62 Pegasi, BD+22°4810, FK5 880, GC 32503, HIP 115250, HR 8880, HD 220061, SAO 91186",https://en.wikipedia.org/wiki/Tau_Pegasi
Beemim,04.24.0221725,-34.01006542,3.96,73.77,56.70,"Beemim, υ3 Eri, d Eri, 43 Eridani, CD−34° 1664, FK5 1121, HD 28028, HIP 20535, HR 1393, SAO 194984.",https://en.wikipedia.org/wiki/Upsilon3_Eridani
Piautos,08.20.3213630,24.01203198,5.93,-20.29,-18.81,"Piautos, λ Cnc, 19 Cancri, BD+24° 1909, HD 70011, HIP 40881, HR 3268, SAO 80113",https://en.wikipedia.org/wiki/Lambda_Cancri
Nyamien,13.55.427120,-32.0934616,10.91,8.723,-22.328,"Nyamien, CD−31 10766, TOI-820, TIC 111991770, WASP-15, TYC 7283-1162-1, 2MASS J13554270-3209345",https://en.wikipedia.org/wiki/WASP-15
Angetenar,02.51.0232186,-21.00144654,4.78,-38.52,-16.05,"Angetenar, τ2 Eridani, 2 Eri, BD−21°509, HD 17824, HIP 13288, HR 850, SAO 168094.",https://en.wikipedia.org/wiki/Tau2_Eridani
Gumala,19.15.332301,-24.1045671,6.25,118.567,-102.364,"Gumala, V5652 Sgr, CD−24° 15161, GJ 749, HD 179949, HIP 94645, HR 7291, SAO 187883",https://en.wikipedia.org/wiki/HD_179949
Alshat,20.20.3981562,-12.45326844,4.76,14.74,-14.32,"Alshat, ν Cap, Nu Cap, 8 Cap, BD−13°5642, HD 193432, HIP 100310, HR 7773, SAO 163468, ADS 13714, WDS J20207-1246A",https://en.wikipedia.org/wiki/Nu_Capricorni
Moriah,20.24.297235,16.4543812,11.94,13.325,-5.505,"Moriah, TYC 1632-1396-1, GSC 01632-01396, 2MASS J20242972+1645437",https://en.wikipedia.org/wiki/HAT-P-23
Fafnir,18.25.5913696,65.33485313,4.82,105.816,-26.846,"Fafnir, BD+65°1271, GC 25212, HD 170693, HIP 90344, HR 6945, SAO 17888, PPM 20916, GCRV 10941",https://en.wikipedia.org/wiki/42_Draconis
Nosaxa,06.40.017270,-48.3231042,8.07,26.524,29.689,"Nosaxa, CD–48 2430, HD 48265, HIP 31895, SAO 218115.",https://en.wikipedia.org/wiki/HD_48265
Terebellum,19.55.5036255,-26.17576933,4.70,203.96,74.40,"Terebellum, ψ Sgr, 58 Sagittarii, CPD−26°6880, FK5 1629, GC 27583, GJ 770.1, GJ 9673, HD 188376, HIP 98066, HR 7597, SAO 188722, PPM 270451",https://en.wikipedia.org/wiki/Omega_Sagittarii
Koeia,02.46.428869,-23.0511802,10.24,294.717,140.966,"Koeia, CD−23 1056, HIP 12961, SAO 168043, PPM 245393, LTT 1349, NLTT 8966, TYC 6434-00494-1, 2MASS J02464286-2305119",https://en.wikipedia.org/wiki/HIP_12961
Nasti,08.18.2217286,61.27385950,8.20,128.266,30.427,"Násti, BD+61°1038, HD 68988, HIP 40687, SAO 14494",https://en.wikipedia.org/wiki/HD_68988
Situla,22.37.45381,-04.134100,5.030,-69.411,-119.631,"Situla, 63 Aquarii, BD−04 5716, FK5 1595, GC 31581, HD 214376, HIP 111710, HR 8610, SAO 146210, PPM 206585, WDS J22378-0414A",https://en.wikipedia.org/wiki/Kappa_Aquarii
Arkab Posterior,19.23.1313745,-44.47592051,4.29,93.45,-54.09,"Arkab Posterior, β2 Sgr, CD−45° 13171, HD 181623, HIP 95294, HR 7343, SAO 229654",https://en.wikipedia.org/wiki/Beta2_Sagittarii
Chechia,20.16.0600378,04.34508600,6.44,-40.884,-51.962,"Chechia, BD+04°4395, FK5 3623, HD 192699, HIP 99894, HR 7288, SAO 125628, TYC 504-2358-1, GSC 00504-02358, 2MASS J20160600+0434509",https://en.wikipedia.org/wiki/HD_192699
Petra,20.12.401692,-02.08391912,11.939,-132.913,-50.683,"Petra, Gaia DR2 4223507222112425344, TYC 5165-481-1, GSC 05165-00481, 2MASS J20124017-0208391",https://en.wikipedia.org/wiki/WASP-80
Meleph,08.40.1809670,19.31551636,7.535,-36.251,-12.118,"CCDM J08404+1932, WDS J08405+1933",https://en.wikipedia.org/wiki/Epsilon_Cancri
Diya,02.44.0960960,-30.10085637,10.96,7.614,-7.673,"Diya, CD−30 1019, TOI-264, TIC 122612091, WASP-72, TYC 7011-487-1, 2MASS J02440959-3010085",https://en.wikipedia.org/wiki/WASP-72
Fumalsamakah,23.03.5261349,03.49121662,4.40,11.76,-9.85,"Fumalsamakah, Beta Psc, β Psc, 4 Psc, BD+03°4818, FK5 1602, HD 217891, HIP 113889, HR 8773, SAO 127934",https://en.wikipedia.org/wiki/Beta_Piscium
Cujam,16.25.2495425,14.01597711,4.5821,40.86,-59.71,"Cujam, ω Her, 24 Her, 51 Ser, BD+14°3049, FK5 613, HD 148112, HIP 80463, HR 6117, SAO 102153, WDS J16254+1402AB.",https://en.wikipedia.org/wiki/Omega_Herculis
Felixvarela,00.28.34306,-16.133484,9.62,-354.939,-227.995,"Felixvarela, HIP 2247, SAO 147293, PPM 208851, 2MASS J00283433-1613343",https://en.wikipedia.org/wiki/BD%E2%88%9217_63
Uklun,11.44.5046086,-58.42133580,7.47,-63.574,-70.331,"Uklun, CD–58°4207, HD 102117, HIP 57291, SAO 239348",https://en.wikipedia.org/wiki/HD_102117
Azelfafage,21.42.0566458,51.11226415,4.66,5.29,-1.78,"π1 Cyg, 80 Cygni, BD+50°3410, FK5 3733, HD 206672, HIP 107136, HR 8301, SAO 33665.",https://en.wikipedia.org/wiki/Pi1_Cygni
Kalausi,09.37.118275,-43.1619934,8.23,21.805,-120.094,"Kalausi, CD–42°5452, GC 13300, HD 83443, HIP 47202, SAO 221348, 2MASS J09371182-4316198",https://en.wikipedia.org/wiki/HD_83443
Torcular,01.45.2363185,09.09278530,4.27,72.98,39.30,"Torcular, Torcularis Septentrionalis, ο Psc, 110 Piscium, BD+08°273, FK5 60, GC 2139, HD 10761, HIP 8198, HR 510, SAO 110110, PPM 144950",https://en.wikipedia.org/wiki/Omicron_Piscium
Zhang,09.51.2869384,-14.50477710,4.12,18.88,-21.85,"Zhang, upsilon1 Hya, 39 Hydrae, BD-14°2963, HD 85444, HIP 48356, HR 3903, SAO 155542",https://en.wikipedia.org/wiki/Upsilon1_Hydrae
Libertas,19.54.148815,08.2741235,4.722,101.694,-81.141,"Libertas, ξ Aquilae, Xi Aql, ξ Aql, 59 Aquilae, BD+08 4261, GC 27558, HD 188310, HIP 97938, HR 7595, SAO 125210, PPM 168913, WDS J19542+0828AB",https://en.wikipedia.org/wiki/Xi_Aquilae
Berehynia,04.24.595350,39.2738313,12.41,14.233,-9.407,"Berehynia, Gaia DR3 179498266829041664, TYC 2883-1687-1, GSC 02883-01687, 2MASS J04245952+3927382",https://en.wikipedia.org/wiki/HAT-P-15
Aldulfin,20.33.1277192,11.18117412,4.03,11.96,-28.97,"Aldulfin, ε Del, 2 Del, BD+10° 4321, FK5 768, HD 195810, HIP 101421, HR 7852, SAO 106230",https://en.wikipedia.org/wiki/Epsilon_Delphini
Tonatiuh,12.05.151172,76.5420643,5.78,147.183,-92.464,"Tonatiuh, BD+77°461, FK5 451, GC 16514, HD 104985, HIP 58952, HR 4609, SAO 7500, NLTT 29548",https://en.wikipedia.org/wiki/HD_104985
Tupa,12.25.462674,-64.0119516,6.994,-182.666,-60.693,"Tupã, CD−63°757, CPD−63°2270, GC 16944, HIP 60644, LTT 4696, SAO 251899",https://en.wikipedia.org/wiki/HD_108147
Moldoveanu,16.02.118462,28.1010420,11.19,-17.349,14.780,"Moldoveanu, BD+28 2507, TOI-2021, TIC 236312126, TYC 2041-1657-1, GSC 02041-01657, 2MASS J16021184+2810105",https://en.wikipedia.org/wiki/XO-1
Botein,03.11.37767,19.433602,4.349,153.871,-5.586,"Botein, Botejn, δ Arietis, 57 Arietis, BD+19°477, FK5 114, GC 3805, HD 19787, HIP 14838, HR 951, SAO 93328, PPM 118897",https://en.wikipedia.org/wiki/Delta_Arietis
Alasia,18.21.49783,-11.552165,7.95,-22.963,-68.395,"Alasia, BD−11°4606, HD 168746, HIP 90004, SAO 161386, PPM 234431",https://en.wikipedia.org/wiki/HD_168746
Barnard's Star,17.57.4849847,04.41361139,9.511,-801.551,10362.394,"Proxima Ophiuchi, ""Barnard's Runaway Star"", ""Greyhound of the Skies"", V2500 Ophiuchi, BD+04°3561a, GJ 699, HIP 87937, LFT 1385, LHS 57, LTT 15309, 2MASS J17574849+0441405, GCTP 4098.00, Gl 140-024, Karmn J17578+046, Munich 15040, Vyssotsky 799, Latin: Velox Barnardi",https://en.wikipedia.org/wiki/Barnard%27s_Star
Mouhoun,04.50.178614408264,-24.2207833769068,7.911,18.469,-19.837,"CD−24 2616, Gaia DR3 4893980371818915456, HD 30856, HIP 22491, SAO 169805, TIC 612908, TYC 6466-1769-1, GSC 06466-01769, 2MASS J04501787-2422077",https://en.wikipedia.org/wiki/HD_30856
Amansinaya,11.01.358978,-23.5138387,10.28,-43.846,-65.637,"Amansinaya, CD−23 9677, CPD−23 5039, SAO 179442, TOI-744, TIC 437242640, WASP-34, TYC 6636-540-1, GSC 06636-00540, 2MASS J11013589-2351382, DENIS J110135.9-235138",https://en.wikipedia.org/wiki/WASP-34
Tupi,03.39.4309600,-52.54570174,7.12,-192.838,-92.021,"Tupi, CD–53°738, GC 4401, HD 23079, HIP 17096, SAO 233208, LTT 1739",https://en.wikipedia.org/wiki/HD_23079
Alcor,13.25.1353783,54.59166548,3.99,120.21,-16.04,"g Ursae Majoris, 80 Ursae Majoris, BD+55 1603, CCDM J13240+5456D, GC 18155, HD 116842, HIP 65477, HR 5062, PPM 34021, SAO 28751, WDS J13239+5456C",https://en.wikipedia.org/wiki/Alcor_(star)
Proxima Centauri,14.29.42946,-62.404616,10.43,-3781.741,769.465,"Alf Cen C, Alpha Centauri C, V645 Centauri, GJ 551, HIP 70890, CCDM J14396-6050C, LFT 1110, LHS 49, LPM 526, LTT 5721, NLTT 37460",https://en.wikipedia.org/wiki/Proxima_Centauri
Alruba,17.43.5917049,54.48061637,5.76,17.450,-18.125,"Alruba, BD+53°1978, CPD–51°9815, HD 161693, HIP 86782, HR 6618, SAO 30538",https://en.wikipedia.org/wiki/Alruba
Elgafar,14.28.1213894,-02.13406579,4.81,-139.53,-4.04,"Elgafar, φ Vir, 105 Virginis, BD−01°2957, FK5 533, GJ 550.2, GJ 9481, HD 126868, HIP 70755, HR 5409, SAO 139951",https://en.wikipedia.org/wiki/Phi_Virginis
Diadem,13.09.59285,17.314604,4.29,-433.13,141.24,"α Com, Alpha Comae Berenices, Alpha Com, 42 Comae Berenices, 42 Com, STF 1728, ADS 8804 , BD+18 2697, CCDM J13100+1732, GC 17833, Gliese 501, HIP 64241, IDS 13051+1803 AB, LTT 13802, NLTT 33105, PPM 129630, SAO 100443, WDS 13100+1732.",https://en.wikipedia.org/wiki/Alpha_Comae_Berenices
Amadioha,06.13.3566155,-29.53501516,8.98,147.648,16.600,"Amadioha, CD−29°2884, HD 43197, HIP 29550, SAO 171427, PPM 250048",https://en.wikipedia.org/wiki/HD_43197
Buna,02.37.0191118,42.03454685,7.28,-38.864,-41.234,"BD+41°496, HIP 12191, SAO 38170",https://en.wikipedia.org/wiki/HD_16175
Tuiren,12.33.039061,44.5455196,12.26,-11.622,8.138,"Tuiren, Gaia DR3 1541532207133249920, TYC 3020-2221-1, 2MASS J12330390+4454552",https://en.wikipedia.org/wiki/HAT-P-36
Helvetios,22.57.279805,20.4607797,5.49,207.328,61.164,"Helvetios, 51 Peg, GJ 882, HR 8729, BD+19°5036, HD 217014, LTT 16750, GCTP 5568.00, SAO 90896, HIP 113357",https://en.wikipedia.org/wiki/51_Pegasi
Tevel,07.20.404565,37.0826343,12.34,-9.796,-13.029,"Tevel, TOI-1731, TIC 371234684, TYC 2463-281-1, GSC 02463-00281, 2MASS J07204044+3708263, HAT-P-9",https://en.wikipedia.org/wiki/HAT-P-9
Rapeto,17.04.3087068,-43.18351661,7.39,110.654,-140.977,"Rapeto, CD–43°11380, HIP 83547, SAO 227597, PPM 322565, LTT 6814, GSC 07881-00474, 2MASS J17043086-4318351",https://en.wikipedia.org/wiki/HD_153950
Pincoya,18.03.0693302,-28.33383488,9.62,-34.658,-42.253,"Pincoya, CD–28° 14058, HD 164604, HIP 88414, SAO 186165, PPM 267742",https://en.wikipedia.org/wiki/HD_164604
Nushagak,02.49.4448710,71.45116292,8.16,90.848,-33.013,"Nushagak, BD+71°171, HIP 13192, SAO 4737, GSC 04321-01320,   PPM 5099, TYC 4321-1320-1, AG+71 95",https://en.wikipedia.org/wiki/HD_17156
Lusitania,06.29.1319200,10.56020059,8.10,206.208,-62.550,"Lusitânia, BD+11 1197, GC 8415, HD 45652, HIP 30905, SAO 95735, NLTT 16570",https://en.wikipedia.org/wiki/HD_45652
Alterf,09.31.4322754,22.58046904,4.32,-20.17,-39.47,"Alterf, λ Leo, 4 Leo, BD+23°2107, HD 82308, HIP 46750, HR 3773, SAO 80885",https://en.wikipedia.org/wiki/Lambda_Leonis
Mesarthim,01.53.31813,19.173788,3.86,77.138,-97.321,"5 Ari, BD+18 243, HIP 8832, WDS J01535+1918",https://en.wikipedia.org/wiki/Gamma_Arietis
Cocibolca,00.44.2665067,-26.30564555,7.78,313.556,149.324,"Cocibolca, CD−27°223, GJ 9024, HD 4208, HIP 3479, SAO 166526, LTT 410",https://en.wikipedia.org/wiki/HD_4208
Taygeta,03.45.1249578,24.28022097,4.30,21.24,-40.56,"q Tauri, 19 Tauri, HR 1145, HD 23338, BD+24°547, HIP 17531, SAO 76140, GC 4486, BDS 1848, CCDM 03452+2429",https://en.wikipedia.org/wiki/Taygeta
Flegetonte,11.45.4229278,02.49173262,8.07,-188.735,-113.403,"BD+03°2549, HD 102195, HIP 57370, HR 4293, SAO 119033, LTT 13232, NLTT 28458",https://en.wikipedia.org/wiki/HD_102195
Alkes,10.59.4646516,-18.17556304,4.07,-462.303,128.614,"7 Crt, NLTT 25942, LTT 4040, HD 95272, BD−17°3273, HIP 53740, HR 4287, FK5 1283, SAO 156375",https://en.wikipedia.org/wiki/Alpha_Crateris
Atakoraka,06.44.2760507,-32.51301793,12.29,-19.265,-1.072,"Atakoraka, TOI-473, TIC 52640302, WASP-64, GSC 07091-01514, 2MASS J06442760-3251302",https://en.wikipedia.org/wiki/WASP-64
Absolutno,07.46.519615,39.0540461,12.13,-21.509,-23.910,"Absolutno, TOI-5373, TIC 9155187, GSC 02959-00729, 2MASS J07465196+3905404, UCAC2 45499774",https://en.wikipedia.org/wiki/XO-5
Xihe,18.43.36109,36.332378,6.04,20.946,58.198,"Xihe, AG+36 1680, BD+36 3246, GC 25640, HD 173416, HIP 91852, HR 7043, SAO 67292, PPM 81707, TYC 2649-1153-1, GCRV 11177, GSC 02649-01153, IRAS 18418+3630, 2MASS J18433610+3633237",https://en.wikipedia.org/wiki/HD_173416
Shama,11.24.17359,-01.314467,9.10,-178.689,-159.528,"Shama, BD−00°2437, HD 99109, HIP 55664, SAO 138182",https://en.wikipedia.org/wiki/HD_99109
Alsciaukat,08.22.5011000,43.11172724,4.25,-25.16,-99.23,"Alsciaukat, 31 Lyn, BN Lyn, NSV 4030, BD+43°1815, FK5 314, GC 11401, HD 70272, HIP 41075, HR 3275, SAO 42319",https://en.wikipedia.org/wiki/31_Lyncis
La Superba,12.45.07826,45.262493,4.86,-2.968,13.063,"La Superba, Y Canum Venaticorum, HR 4846, HD 110914, BD+46°1817, FK5 1327, HIP 62223, SAO 44317, GC 17342, 152 Schjellerup",https://en.wikipedia.org/wiki/La_Superba
Taiyi,12.55.28550015,65.26185079,5.225,-4.235,-30.174,"Taiyi, 8 Dra, IR Draconis, BD+66°778, FK5 486, HD 112429, HIP 63076, HR 4916, SAO 15941",https://en.wikipedia.org/wiki/8_Draconis
Celaeno,03.44.482154,24.1722093,5.448,20.73,-44.00,"16 Tauri, HR 1140, HD 23288, BD+23 505, HIP 17489, SAO 76126, GC 4475.",https://en.wikipedia.org/wiki/Celaeno_(star)
Lucilinburhuc,06.28.4571108,38.57466665,7.89,-42.748,-53.736,"Lucilinburhuc, BD+39° 1637, HD 45350, HIP 30860, SAO 591265, PPM 71672, TYC 2927-323-1, GSC 02927-00323",https://en.wikipedia.org/wiki/HD_45350
Diwo,15.59.509492,-28.0342313,11.500,-8.263,-9.427,"Dìwö, CD−27 10695, TOI-1050, TIC 66818296, WASP-17, TYC 6787-1927-1, 2MASS J15595095-2803422, 1SWASP J155950.94−280342.3",https://en.wikipedia.org/wiki/WASP-17
Poerava,23.31.2033819,-58.12350324,7.82,181.160,-5.297,"Poerava, CD−58°8579, HD 221287, HIP 116084, SAO 247912, TYC 8838-463-1, 2MASS J23312032-5812350",https://en.wikipedia.org/wiki/HD_221287
Xuange,14.16.2301880,46.05179005,4.18,-187.33,159.05,"Xuange, λ Boo, 19 Boötis, BD+46°1949, FK5 527, GC 19273, GJ 3837, HD 125162, HIP 69732, HR 5351, SAO 44965",https://en.wikipedia.org/wiki/Lambda_Bo%C3%B6tis
Gloas,09.20.247145,33.5256696,10.42,-2.275,-20.072,"Gloas, BD+34 1976, TOI-1767, TIC 8767448, WASP-13, TYC 2496-1114-1, 2MASS J09202471+3352567, 1SWASP J092024.70+335256.6",https://en.wikipedia.org/wiki/WASP-13
Ainalrami,18.54.1017695,-22.44414247,4.86,4.291,-7.786,"Ainalrami, ν1 Sgr, 32 Sgr, BD−22°4907, HD 174974, HIP 92761, HR 7116, SAO 187426, WDS J18542-2245",https://en.wikipedia.org/wiki/Nu1_Sagittarii
Alkarab,23.25.2278350,23.24147606,4.40,192.19,36.12,"Alkarab, υ Peg, 68 Pegasi, BD+22°4833, FK5 881, GC 32585, HD 220657, HIP 115623, HR 8905, SAO 91253",https://en.wikipedia.org/wiki/Upsilon_Pegasi
Dingolay,11.04.4445485,-02.30475901,8.254,27.824,-17.902,"AG−02°638, BD−01°2476, Gaia DR2 3791263156547622784, GC 15229, HD 96063, HIP 54158, SAO 137979, PPM 178377, TYC 4924-460-1, GSC 04924-00460, 2MASS J11044445-0230475",https://en.wikipedia.org/wiki/HD_96063
Marsic,16.08.0495406,17.03156853,6.25,-19.465,-25.142,"Marsic, κ Her, 7 Herculis, CCDM J16081+1703, NSV 7471, AAVSO 1603+17, WDS 16081+1703",https://en.wikipedia.org/wiki/Kappa_Herculis
Cervantes,17.44.0870314,-51.50025916,5.15,-15.034,-190.901,"Cervantes, μ Arae, CD−51°11094, FK5 662, GC 24024, GJ 691, HD 160691, HIP 86796, HR 6585, SAO 244981, PPM 346258, LTT 7053",https://en.wikipedia.org/wiki/Mu_Arae
Marfik,16.30.5482314,01.59021209,3.82,-30.98,-73.42,"λ Oph, 10 Oph, NSV 7784, BD+02°3118, HD 148857, HIP 80883, HR 6149, SAO 121658, ADS 10087, WDS 16309+0159",https://en.wikipedia.org/wiki/Lambda_Ophiuchi
Anadolu,23.13.587576,08.45405713,12.0,-6.942,-44.330,"Anadolu, Gaia EDR3 2666015878575546496, 2MASS J23135873+0845405",https://en.wikipedia.org/wiki/WASP-52
Mazaalai,11.25.059859,41.0140665,11.46,-1.142,13.523,"Mazalaai, Gaia DR3 770622651659107712, TYC 3013-1229-1, GSC 03013-01229, 2MASS J11250598+4101406",https://en.wikipedia.org/wiki/HAT-P-21
Copernicus,08.52.408627,28.1958821,13.15,-481.176,-244.544,"Copernicus, Rho1 Cancri, 55 Cnc, BD+28°1660, GJ 324, HD 75732, HIP 43587, HR 3522, SAO 80585",https://en.wikipedia.org/wiki/55_Cancri
Liesma,13.34.025394,53.4342698,8.06,-85.849,-78.888,"Liesma, BD+54°1609, HD 118203, HIP 66192, SAO 28802, TOI-1271, TIC 286923464, TYC 3850-458-1",https://en.wikipedia.org/wiki/HD_118203
Intercrus,09.28.3998867,45.36053311,5.39,-7.184,-129.318,"Intercrus, 41 Lyn, BD+46 1509, GC 13051, HD 81688, HIP 46471, HR 3743, SAO 42876, CCDM J09287+4536A",https://en.wikipedia.org/wiki/41_Lyncis
Samaya,21.38.0840401,-31.44149385,8.56,21.833,-82.314,"Samaya, CD−32° 16667, HD 205739, HIP 106824, SAO 213152, PPM 301636",https://en.wikipedia.org/wiki/HD_205739
Zibal,03.15.5002656,-08.49110220,4.80,-0.35,46.10,"Zibal, ζ Eri, 13 Eri, FK5 1091, HD 20320, HIP 15197, HR 984, SAO 130387, BD−09° 624, WDS J03158-0849A",https://en.wikipedia.org/wiki/Zeta_Eridani
Nenque,01.04.4015027,-39.29175842,7.71,-170.033,-527.946,"Nenque, CD–40°239, GJ 9037, HD 6434, HIP 5054, SAO 192911, LFT 102, LHS 1188, LPM 57, LTT 610, GCRV 51158, 2MASS J01044015-3929173",https://en.wikipedia.org/wiki/HD_6434
Phoenicia,20.13.598456,-00.5200770,7.79,-62.730,260.819,"Phoenicia, V1703 Aquilae, BD−01° 3925, HD 192263, HIP 99711, HR 7288, SAO 144192, LTT 8003, NLTT 48902",https://en.wikipedia.org/wiki/HD_192263
Yildun,17.32.1299671,86.35112584,4.36,10.17,53.97,"Yildun, Vildiur, Gildun, δ UMi, 23 Ursae Minoris, BD+86°269, FK5 913, GC 24236, HD 166205, HIP 85822, HR 6789, SAO 2937",https://en.wikipedia.org/wiki/Delta_Ursae_Minoris
Polaris Australis,21.08.4686357,-88.57233983,5.47,26.323,4.721,"Polaris Australis, σ Oct, CPD−89°47, FK5 923, HD 177482, HIP 104382, HR 7228, SAO 258857",https://en.wikipedia.org/wiki/Sigma_Octantis
Menkib,03.58.5790229,35.47277132,4.04,3.62,1.74,"46 Per, HR 1228, HD 24912, FK5 148, SAO 56856, HIP 18614, BD+35°775",https://en.wikipedia.org/wiki/Xi_Persei
Citala,07.00.18036,-05.220178,6.29,-116.513,80.633,"Citalá, BD−05°1910, HD 52265, HIP 33719, HR 2622, SAO 134031",https://en.wikipedia.org/wiki/HD_52265
Alchiba,12.08.2481727,-24.43439521,4.03,96.976,-40.023,"Alchiba, Al Minliar al Ghurab, Al Chiba, 1 Crv, CD−24°10174, GCTP 2796.00, GJ 455.3, GJ 9389, HD 105452, HIP 59199, HR 4623, SAO 180505",https://en.wikipedia.org/wiki/Alpha_Corvi
Axolotl,23.59.5383172,-22.25412163,8.23,147.026,26.865,"Axólotl, CD−23°18108, HD 224693, HIP 118319, SAO 192301",https://en.wikipedia.org/wiki/HD_224693
Castula,00.56.3990413,59.10518006,4.62,-92.085,-45.079,"Castula, υ2 Cas, 28 Cassiopeiae, BD+58°138, HD 5395, HIP 4422, HR 265, SAO 21855",https://en.wikipedia.org/wiki/Upsilon2_Cassiopeiae
Syrma,14.16.00868,-06.000197,4.08,-26.606,-414.866,"Syrma, 99 Vir, BD−05°3843, FK5 525, GJ 9473, HD 124850, HIP 69701, HR 5338, SAO 139824",https://en.wikipedia.org/wiki/Iota_Virginis
Kamuy,16.10.0391440,26.44338932,6.57,-18.354,36.856,"BD+27°2595, HD 145457, HIP 79219, SAO 84223",https://en.wikipedia.org/wiki/HD_145457
Itonda,21.57.1984754,-37.45490480,7.47,101.032,-118.842,"Itonda, CD−38° 14804, HD 208487, HIP 108375, SAO 213432, PPM 302029",https://en.wikipedia.org/wiki/HD_208487
Nervia,06.51.3051621,40.52039241,8.10,34.682,-122.686,"Nervia, BD+41° 1544, HD 49674, HIP 32916, SAO 41390, PPM 49392, TYC 2946-426-1, GSC 02946-00426",https://en.wikipedia.org/wiki/HD_49674
Kaveh,18.55.4088415,04.15551651,8.02,-6.842,-90.413,"Kaveh, BD+04°3911, GJ 736, HD 175541, HIP 92895, SAO 124054",https://en.wikipedia.org/wiki/HD_175541
Wurren,01.08.2308,-55.14447,3.9,20.87,30.64,"Wurren, HR 338, CD–55° 267, CPD–55° 241, HD 6882, SAO 232306, HIP 5348.",https://en.wikipedia.org/wiki/Zeta_Phoenicis
Parumleo,00.15.5080778,01.12015868,11.26,1.896,16.589,"Parumleo, Gaia DR2 2546413408888429696, TYC 2-1155-1, 2MASS J00155080+0112016",https://en.wikipedia.org/wiki/WASP-32
Jishui,07.39.0993466,34.35035028,4.90,-37.975,-105.132,"Jishui, ο Gem, 71 Geminorum, BD+34°1649, FK5 2592, HD 61110, HIP 37265, HR 2930, SAO 60247",https://en.wikipedia.org/wiki/Omicron_Geminorum
Merga,14.49.1867062,46.06583369,5.76,-6.404,-78.073,"Merga, Marrha, El Mara el Musalsela, Falx Italica, h Boötis, 38 Boo, BD+46°1993, FK5 1383, GC 19959, HD 130945, HIP 72487, HR 5533, SAO 45226",https://en.wikipedia.org/wiki/38_Bo%C3%B6tis
Beid,04.11.5193956,-06.50152864,4.04,10.76,81.92,"Beid, ο1 Eri, 38 Eri, BD−07°764, FK5 154, HD 26574, HIP 19587, HR 1298, SAO 131019",https://en.wikipedia.org/wiki/Omicron1_Eridani
Dofida,13.32.2555543,-47.16169091,7.17,24.87,-125.01,"Dofida, CD−46° 8708, GC 18290, HD 117618, HIP 66047, SAO 224228",https://en.wikipedia.org/wiki/HD_117618
Lich,13.00.031075,12.4055155,,46.44,-84.87,"Lich, PSR 1257+12, PSR J1300+1240, PSR 1300+1240",https://en.wikipedia.org/wiki/PSR_B1257%2B12
Musica,20.58.2593353,10.50214309,5.506,-49.921,-34.509,"Musica, 18 Del, BD+10°4425, GC 29266, HD 199665, HIP 103527, HR 8030, SAO 106712, WDS J20584+1050A",https://en.wikipedia.org/wiki/18_Delphini
Muliphein,07.03.4549305,-15.37598300,4.10,-0.14,-11.36,"Muliphein, Muliphen, 23 Canis Majoris, BD−15°1625, FK5 271, HD 53244, HR 2657, HIP 34045, SAO 152303",https://en.wikipedia.org/wiki/Gamma_Canis_Majoris
Solaris,21.13.3599016,14.41217858,9.78,233.909,-0.360,"Solaris, AG+14 2370, BD+14 4559, HIP 104780, PPM 139779, LTT 16221",https://en.wikipedia.org/wiki/BD%2B14_4559
Bosona,21.43.24900,-07.242971,8.34,2.184,1.781,"BD−08°5719, Gaia DR2 2667434008056899712, HD 206610, HIP 107251, SAO 145619, TIC 333314269, TYC 5221-00210-1, 2MASS J21432490-0724296, WISE J214324.89-072429.7",https://en.wikipedia.org/wiki/HD_206610
Gudja,15.48.4437720,18.08296337,4.09,-52.407,-88.419,"Gudja, κ Ser, 35 Ser, NSV 7269, BD+18 3074, FK5 584, HD 141477, HIP 77450, HR 5879, SAO 101752",https://en.wikipedia.org/wiki/Kappa_Serpentis
Ayeyarwady,03.00.1065643,-20.48093773,7.81,-19.599,-22.666,"BD−21° 533, CPD−21° 295, Gaia DR1 5079636964618154112, Gaia DR2 5079636934554540160, HD 18742, HIP 13993, SAO 168212, PPM 245676, TIC 71345433, TYC 5870-602-1, GSC 05870-00602, 2MASS J03001065-2048091",https://en.wikipedia.org/wiki/HD_18742
Chalawan,10.59.279728,40.2548921,5.03,-316.850,55.180,"Chalawan, BD+41°2147, FK5 1282, GC 15087, GCTP 2556.00, Gliese 407, HD 95128, HIP 53721, HR 4277, LTT 12934, SAO 43557",https://en.wikipedia.org/wiki/47_Ursae_Majoris
Chaophraya,02.54.451342,-10.5353025,11.44,3.383,8.913,"Chaophraya, TOI-391, TIC 382391899, WASP-50, TYC 5290-462-1, GSC 05290-00462, 2MASS J02544513-1053530",https://en.wikipedia.org/wiki/WASP-50
Aladfar,19.13.4548832,39.08454801,4.43,-0.60,-1.26,"Eta Lyr or η Lyr, 20 Lyr, BD+38°3490, HD 180163, HIP 94481, HR 7298, SAO 68010, WDS 19138+3909",https://en.wikipedia.org/wiki/Eta_Lyrae
Felis,09.54.522045,-19.0033620,4.94,-45.386,-40.456,"Felis, 183 G. Hydrae, BD−18° 2810, FK5 373, GC 13644, HIP 48615, HR 3923, SAO 155588",https://en.wikipedia.org/wiki/HD_85951
Kang,14.12.5374538,-10.16253340,4.180,7.25,139.88,"Kang, 98 Virginis, κ Vir, BD−09°3878, FK5 523, HD 124294, HIP 69427, HR 5315, SAO 158427",https://en.wikipedia.org/wiki/Kappa_Virginis
Timir,16.28.28151,-13.235869,6.903,-37.413,3.049,"BD−13°4437, HIP 80687, PPM 231736, SAO 159932",https://en.wikipedia.org/wiki/HD_148427
Uruk,19.32.0416092,16.28274431,8.97,63.452,15.508,"Uruk, BD+16°3883, HD 231701, HIP 96078, SAO 104946",https://en.wikipedia.org/wiki/HD_231701
Minchir,08.38.4543747,03.20291701,4.48,-19.48,-15.92,"σ Hya, 5 Hydrae, BD+03°2026, FK5 1224, HD 73471, HIP 42402, HR 3418, SAO 116988",https://en.wikipedia.org/wiki/Sigma_Hydrae
Marohu,23.12.3773683,-22.40262738,11.9,-23.264,-37.143,"Márohu, TOI-231, TIC 204376737, WASP-6, TYC 6972-75-1, 2MASS J23123773-2240261, DENIS J231237.7-224025, UCAC2 22823425",https://en.wikipedia.org/wiki/WASP-6
Hunor,16.20.363576,41.0253107,8.71,-10.078,-29.057,"HAT-P-2, BD+41°2693, HD 147506, HIP 80076, SAO 46035",https://en.wikipedia.org/wiki/HD_147506
Tangra,23.09.5825,18.23459,11.58,17.597,18.867,"Tangra, GSC 01715-00679, 2MASS J23095825+1823459, Gaia DR2 2831084391023184128",https://en.wikipedia.org/wiki/WASP-21
Asterope,03.45.5447676,24.33162418,5.76,20.025,-45.949,"Asterope, Sterope I, 21 Tau, BD+24°553, GC 4502, HD 23432, HIP 17579, HR 1151, SAO 76159",https://en.wikipedia.org/wiki/21_Tauri
Monch,14.47.327262,-00.1653308,8.04,-130.476,-140.246,"Mönch, BD+00 3243, HD 130322, HIP 72339, LTT 5873, NLTT 38386",https://en.wikipedia.org/wiki/HD_130322
Tapecue,07.47.49720,-54.155092,8.10,148.628,-278.753,"Tapecue, CD−53°2007, HD 63765, HIP 38041, SAO 235521, PPM 336398, LTT 2952, NLTT 18486",https://en.wikipedia.org/wiki/HD_63765
Nahn,09.09.2153325,22.02436053,5.15,-1.00,-0.52,"Nahn, ξ Cnc, 77 Cancri, BD+22° 2061, FK5 1239, HD 78515, HIP 44946, HR 3627, SAO 80666",https://en.wikipedia.org/wiki/Xi_Cancri
Koit,07.21.331602,58.1605110,10.674,-17.008,5.463,"Koit, TOI-1721, TIC 51234631, TYC 3793-1994-1, GSC 03793-01994, 2MASS J07213317+5816051",https://en.wikipedia.org/wiki/XO-4
Irena,16.15.5036526,10.01572844,9.447,-31.073,-39.171,"BD+10°2980, Gaia DR2 4453211899986180352, HD 146389, SAO 102042, 2MASS J16155036+1001572, WASP 38",https://en.wikipedia.org/wiki/HD_146389
Maasym,17.30.443098,26.0638324,4.41,18.782,16.184,"λ Her, 76 Herculis, BD+26°3034, FK5 1460, HD 158899, HIP 85693, HR 6526, SAO 249461",https://en.wikipedia.org/wiki/Lambda_Herculis
Chason,18.17.373127,36.3717170,11.95,11.925,5.904,"Chasoň, TOI-2135, TIC 76419763, TYC 2634-1087-1, GSC 02634-01087, 2MASS J18173731+3637170, HAT-P-5",https://en.wikipedia.org/wiki/HAT-P-5
Emiw,01.10.4722139,-66.11173901,8.06,110.513,-123.283,"Emiw, CD−66°60, Gaia DR2 4704957491028733824, HD 7199, HIP 5529, SAO 248334, 2MASS J01104719-6611171",https://en.wikipedia.org/wiki/HD_7199
Naledi,05.48.3359333,-63.59183884,10.21,-15.439,26.151,"Naledi, CPD−64 484, TOI-102, TIC 149603524, WASP-62, TYC 8900-874-1, GSC 08900-00874, 2MASS J05483359-6359183",https://en.wikipedia.org/wiki/WASP-62
Stribor,08.53.5080524,33.03245206,8.03,-95.110,-28.503,"Stribor, BD+33°1776, HD 75898, HIP 43674, SAO 61116",https://en.wikipedia.org/wiki/HD_75898
Morava,23.46.399747,31.09213721,12.18,30.262,-5.852,"Morava, Gaia DR2 2868528637464028160, TYC 2767-1746-1, 2MASS J23463997+3109213",https://en.wikipedia.org/wiki/WASP-60
Veritate,23.31.1741325,39.14103147,5.22,286.898,-84.043,"Veritate, 14 And, NSV 14599, BD+38°5023, GC 32703, HD 221345, HIP 116076, HR 8930, SAO 73311, PPM 88889, 2MASS J23311742+3914102",https://en.wikipedia.org/wiki/14_Andromedae
Baekdu,14.56.4835230,74.54033212,6.835,13.139,3.578,"Baekdu, HD 133086, HIP 73136, BD+75 547, 2MASS J14564834+7454032, WDS J14568+7454A, Gaia DR3 1700658653802527104",https://en.wikipedia.org/wiki/8_Ursae_Minoris
Karaka,15.35.39921,-80.121654,8.70,-49.570,41.135,"Karaka, NSV 7116, CPD–79°844, Gaia DR2 5778418870846853888, HD 137388, HIP 76351, 2MASS J15353994-8012164",https://en.wikipedia.org/wiki/HD_137388
Ancha,22.16.50037,-07.465984,4.175,118.929,-21.928,"Ancha, θ Aquarii, Tet Aqr, θ Aqr, 43 Aquarii, BD–08 5845, FK5 840, HD 211391, HIP 110003, HR 8499, SAO 145991",https://en.wikipedia.org/wiki/Theta_Aquarii
Formosa,11.35.0375320,20.26295630,6.45,-59.897,-0.996,"Formosa, BD+21°2331, HD 100655, HIP 56508, HR 4459, SAO 81886, 2MASS J11350375+2026295",https://en.wikipedia.org/wiki/HD_100655
Arcalis,14.53.23028,18.140747,7.96,43.739,-33.865,"Arcalís, BD+18°2957, HD 131496, HIP 72845, SAO 101274",https://en.wikipedia.org/wiki/HD_131496
Ebla,23.09.1072701,-02.15386854,8.628,631.520,-97.214,"Ebla, BD−03°5577, HD 218566, HIP 114322, SAO 146533",https://en.wikipedia.org/wiki/HD_218566
Bibha,09.56.0591853,-03.48303233,8.73,-67.001,15.999,"Bibhā, BD−03 2815, HD 86081, HIP 48711, SAO 137236",https://en.wikipedia.org/wiki/HD_86081
Gakyid,08.39.15803,12.573735,8.23,-114.147,-93.787,"Gakyid, BD+13°1956, HD 73534, HIP 42446, SAO 98004, PPM 125542",https://en.wikipedia.org/wiki/HD_73534
Adhil,01.22.2042008,45.31435962,4.90,31.681,9.024,"Adhil, ξ Andromedae, Xi And, ξ And, 46 Andromedae, BD+44 287, FK5 1035, HD 8207, HIP 6411, HR 390, SAO 37155, PPM 43919",https://en.wikipedia.org/wiki/Xi_Andromedae
Lilii Borea,02.47.5454142,29.14496132,4.514,149.47,-127.05,"Lilii Borea, BD+28°462, HD 17361, HIP 13061, HR 824, SAO 75578.",https://en.wikipedia.org/wiki/39_Arietis
Macondo,10.44.2091501,-33.34372880,8.30,-92.635,-152.119,"Macondo, CD−32°7598, GJ 1137, HD 93083, HIP 52521, SAO 201693, PPM 288057, GSC 07190-02048",https://en.wikipedia.org/wiki/HD_93083
Hunahpu,11.17.4755306,-23.58314969,8.05,-130.715,-16.761,"Hunahpú, CD−23 9857, HD 98219, HIP 55174, SAO 179747",https://en.wikipedia.org/wiki/HD_98219
Mago,05.09.36720,69.382185,6.42,61.031,-62.382,"Mago, AG+69°241, BD+69°302, GC 6245, HD 32518, HIP 24003, HR 1636, SAO 13382",https://en.wikipedia.org/wiki/HD_32518
Citadelle,00.19.170663772928,14.0317121365380,8.36,74.113,-16.945,"BD+13°34, Gaia DR2 2768172019308167296, HD 1502, HIP 1547, SAO 91845, TYC 601-636-1, GSC 00601-00636, 2MASS J00191704+1403172",https://en.wikipedia.org/wiki/HD_1502
Merope,03.46.195859,23.5654092,4.18,13.075,-48.404,"Merope, 23 Tau, V971 Tauri, HR 1156, BD+23°522, HD 23480, HIP 17608, SAO 76172, GC 4512, CCDM J03463+2357A",https://en.wikipedia.org/wiki/Merope_(star)
Sharjah,16.12.4177941,-18.52318117,11.34,36.447,-214.025,"Sharjah, HIP 79431, LP 804-27, NLTT 42226",https://en.wikipedia.org/wiki/HIP_79431
Dombay,13.44.225937,48.0143206,11.577,-19.619,-23.973,"Dombay, TOI-1419, TIC 311035838, TYC 3466-819-1, GSC 03466-00819, 2MASS J13442258+4801432, HAT-P-3",https://en.wikipedia.org/wiki/HAT-P-3
Sagarmatha,11.35.5152322,-04.45205046,8.42,-11.535,35.586,"Sagarmatha, BD–03°3147, HD 100777, HIP 56572, SAO 138288, TYC 4933-678-1, 2MASS J11355152-0445204",https://en.wikipedia.org/wiki/HD_100777
Ceibo,07.39.2185290,-78.16443078,9.36,-19.556,-39.926,"Ceibo, CD−77°298, CPD−77°324, HD 63454, HIP 37284, TYC 9385-1045-1",https://en.wikipedia.org/wiki/HD_63454
Alsafi,19.32.2159021,69.39402358,4.674,597.384,-1738.286,"Alsafi, σ Draconis, Sig Dra, σ Dra, 61 Draconis, BD+69°1053, GJ 764, HD 185144, HIP 96100, HR 7462, LHS 477",https://en.wikipedia.org/wiki/Sigma_Draconis
Sham,19.40.0579185,18.00500046,4.38,14.630,-20.160,"Sham, Alsahm, α Sge, 5 Sagittae, BD+17°4042, FK5 1133, GC 27215, HD 185758, HIP 96757, HR 7479, SAO 105120, PPM 136737, CCDM J19401+1801A, WDS J19401+1801A",https://en.wikipedia.org/wiki/Alpha_Sagittae
Mpingo,01.57.03204,00.453188,10.56,23.418,-6.844,"Mpingo, BD+00 316, Gaia DR2 2507901914613005056, WASP-71, TYC 30-116-1, 2MASS J01570320+0045318",https://en.wikipedia.org/wiki/BD%2B00_316
Lionrock,22.27.03072,-17.1549164,7.6,-85.892,-104.042,"BD−17°6526, HD 212771, HIP 110813, SAO 165086",https://en.wikipedia.org/wiki/HD_212771
Intan,03.20.4269371,-33.43483735,9.92,292.619,96.116,"Intan, CD−34°1218, HD 20868, HIP 15578, PPM 278952, LTT 1589, 2MASS J03204266-3343484",https://en.wikipedia.org/wiki/HD_20868
Horna,02.21.3198035,32.14460933,12.51,47.671,-21.594,"Horna, TOI-3681, TIC 285272237, GSC 02314-00559",https://en.wikipedia.org/wiki/HAT-P-38
Muspelheim,02.12.3147875,51.46435637,11.83,-9.972,1.790,"Muspelheim, TYC 3293-1539-1, GSC 03293-01539, 2MASS J02123147+5146435",https://en.wikipedia.org/wiki/HAT-P-29
Belel,19.21.0423048,-23.37104502,7.55,-46.661,-30.244,"Belel, CD−23° 15307, CPD−23° 7442, HD 181342, HIP 95124, SAO 188005",https://en.wikipedia.org/wiki/HD_181342
Natasha,09.50.024969,-49.47249576,8.54,29.8018,-60.245,"Natasha, CD–49°4727, Gaia DR2 5406324138654973824, HD 85390, HIP 48235, SAO 221526, 2MASS J09500249-4947250",https://en.wikipedia.org/wiki/HD_85390
Elkurud,06.07.3163216,-37.15105114,5.02,0.12,0.41,"Elkurud, θ Col, CD−37°2609, FK5 2468, HD 42167, HIP 29034, HR 2177, SAO 196514",https://en.wikipedia.org/wiki/Theta_Columbae
Inquill,17.19.5140072,-48.32575600,6.67,-33.443,-211.177,"Inquill, CD–48°11605, HD 156411, HIP 84787, SAO 227825, PPM 322823, NLTT 44550",https://en.wikipedia.org/wiki/HD_156411
Acubens,08.58.292042,11.5127649,4.20,42.181,-31.160,"Acubens, Sertan, Sartan, α Cnc, Alpha Cancri, Alpha Cnc, 65 Cancri, 65 Cnc, ADS 7115 A, BD+12 1948, CCDM J08585+1151A, FK5 337, GC 12406, HD 76756, HIP 44066, HR 3572, IDS 08530+1215 A, PPM 125972, SAO 98267",https://en.wikipedia.org/wiki/Alpha_Cancri
Rosaliadecastro,16.32.51051,02.050538,7.89,-9.240,-86.678,"Rosalíadecastro, BD+02°3127, HD 149143, HIP 81022, SAO 121678, PPM 162774",https://en.wikipedia.org/wiki/HD_149143
Izar,14.44.5922,27.04272,2.45,-50.95,21.07,"Izar, Pulcherrima, Mirac, Mirak, Mirach, ε Boo, 36 Boo, BD+27°2417, HIP 72105",https://en.wikipedia.org/wiki/Epsilon_Bo%C3%B6tis
