Common Name,Alternative Names,Right Ascension,Declination,Magnitude
Sirius,"['Sirius', 'α-CMa', 'Alpha Canis Majoris', '9-CMa', '9 Canis Majoris', 'HR 2491', 'HD 48915', 'HIP 32349']",06h45m09s,"-16°42'47""",-1.44
Canopus,"['Canopus', 'α-Car', 'Alpha Carinae', 'HR 2326', 'HD 45348', 'HIP 30438', 'TYC 8534-2277-1']",06h23m57s,"-52°41'44""",-0.63
Vega,"['Vega', 'α-Lyr', 'Alpha Lyrae', '3-Lyr', '3 Lyrae', 'HR 7001', 'HD 172167', 'HIP 91262']",18h36m56s,"+38°46'58""",0.03
Capella,"['Capella', 'α-Aur', 'Alpha Aurigae', '13-Aur', '13 Aurigae', 'HR 1708', 'HD 34029', 'NSV 1897', 'HIP 24608']",05h16m41s,"+45°59'56""",0.08
Arcturus,"['Arcturus', 'α-Boo', 'Alpha Bootis', '16-Boo', '16 Bootis', 'HR 5340', 'HD 124897', 'NSV 6603', 'HIP 69673', 'TYC 1472-1436-1']",14h15m40s,"+19°11'14""",0.16
Rigel,"['Rigel', 'β-Ori', 'Beta Orionis', '19-Ori', '19 Orionis', 'HR 1713', 'HD 34085', 'NSV 1882', 'HIP 24436', 'TYC 5331-1752-1']",05h14m32s,"-08°12'05""",0.28
Procyon,"['Procyon', 'α-CMi', 'Alpha Canis Minoris', '10-CMi', '10 Canis Minoris', 'HR 2943', 'HD 61421', 'NSV 3672', 'HIP 37279']",07h39m18s,"+05°13'39""",0.40
Achernar,"['Achernar', 'α-Eri', 'Alpha Eridani', 'HR 472', 'HD 10144', 'HIP 7588', 'TYC 8478-1395-1']",01h37m42s,"-57°14'11""",0.54
Betelgeuse,"['Betelgeuse', 'α-Ori', 'Alpha Orionis', '58-Ori', '58 Orionis', 'HR 2061', 'HD 39801', 'HIP 27989', 'TYC 129-1873-1']",05h55m10s,"+07°24'25""",0.57
Hadar,"['Hadar', 'β-Cen', 'Beta Centauri', 'HR 5267', 'HD 122451', 'HIP 68702', 'TYC 9005-3919-1']",14h03m49s,"-60°22'22""",0.64
Altair,"['Altair', 'α-Aql', 'Alpha Aquilae', '53-Aql', '53 Aquilae', 'HR 7557', 'HD 187642', 'HIP 97649', 'TYC 1058-3399-1']",19h50m46s,"+08°52'02""",0.93
Aldebaran,"['Aldebaran', 'α-Tau', 'Alpha Tauri', '87-Tau', '87 Tauri', 'HR 1457', 'HD 29139', 'HIP 21421', 'TYC 1266-1416-1']",04h35m55s,"+16°30'35""",0.99
Spica,"['Spica', 'α-Vir', 'Alpha Virginis', '67-Vir', '67 Virginis', 'HR 5056', 'HD 116658', 'HIP 65474', 'TYC 5547-1518-1']",13h25m11s,"-11°09'40""",1.06
Antares,"['Antares', 'α-Sco', 'Alpha Scorpii', '21-Sco', '21 Scorpii', 'HR 6134', 'HD 148478', 'HIP 80763', 'TYC 6803-2158-1']",16h29m24s,"-26°25'55""",1.07
Pollux,"['Pollux', 'β-Gem', 'Beta Geminorum', '78-Gem', '78 Geminorum', 'HR 2990', 'HD 62509', 'NSV 3712', 'HIP 37826', 'TYC 1920-2194-1']",07h45m19s,"+28°01'34""",1.22
Fomalhaut,"['Fomalhaut', 'α-PsA', 'Alpha Piscis Austrini', '24-PsA', '24 Piscis Austrini', 'HR 8728', 'HD 216956', 'NSV 14372', 'HIP 113368', 'TYC 6977-1267-1']",22h57m38s,"-29°37'18""",1.23
Acrux,"['Acrux', 'α¹-Cru', 'Alpha1 Crucis', 'HR 4730', 'HD 108248', 'HIP 60718', 'TYC 8979-3464-1']",12h26m35s,"-63°05'56""",1.28
Mimosa,"['Mimosa', 'β-Cru', 'Beta Crucis', 'HR 4853', 'HD 111123', 'HIP 62434', 'TYC 8659-3107-1']",12h47m43s,"-59°41'19""",1.31
Deneb,"['Deneb', 'α-Cyg', 'Alpha Cygni', '50-Cyg', '50 Cygni', 'HR 7924', 'HD 197345', 'HIP 102098', 'TYC 3574-3347-1']",20h41m25s,"+45°16'49""",1.33
,"['α-Cen', 'Alpha Centauri', 'HR 5460', 'HD 128621', 'HIP 71681']",14h39m39s,"-60°50'22""",1.35
Regulus,"['Regulus', 'α-Leo', 'Alpha Leonis', '32-Leo', '32 Leonis', 'HR 3982', 'HD 87901', 'NSV 4750', 'HIP 49669', 'TYC 833-1381-1']",10h08m22s,"+11°58'01""",1.41
Adhara,"['Adhara', 'ε-CMa', 'Epsilon Canis Majoris', '21-CMa', '21 Canis Majoris', 'HR 2618', 'HD 52089', 'HIP 33579', 'TYC 6535-3619-1']",06h58m37s,"-28°58'19""",1.53
Castor,"['Castor', 'YY Gem', 'α-Gem', 'Alpha Geminorum', '66-Gem', '66 Geminorum', 'HR 2891', 'HD 60179', 'HIP 36850', 'TYC 2457-2407-1', 'Gaia EDR3- 892348694913501952']",07h34m35s,"+31°53'18""",1.58
Shaula,"['Shaula', 'λ-Sco', 'Lambda Scorpii', '35-Sco', '35 Scorpii', 'HR 6527', 'HD 158926', 'HIP 85927', 'TYC 7388-1093-1']",17h33m36s,"-37°06'13""",1.63
Gacrux,"['Gacrux', 'γ-Cru', 'Gamma Crucis', 'HR 4763', 'HD 108903', 'NSV 5672', 'HIP 61084', 'TYC 8654-3422-1']",12h31m09s,"-57°06'45""",1.65
Bellatrix,"['Bellatrix', 'γ-Ori', 'Gamma Orionis', '24-Ori', '24 Orionis', 'HR 1790', 'HD 35468', 'NSV 1972', 'HIP 25336', 'TYC 113-1856-1']",05h25m07s,"+06°20'59""",1.66
Miaplacidus,"['Miaplacidus', 'β-Car', 'Beta Carinae', 'HR 3685', 'HD 80007', 'HIP 45238', 'TYC 9200-2603-1']",09h13m12s,"-69°43'02""",1.67
Elnath,"['Elnath', 'β-Tau', 'Beta Tauri', '112-Tau', '112 Tauri', 'HR 1791', 'HD 35497', 'HIP 25428', 'TYC 1859-1470-1']",05h26m17s,"+28°36'28""",1.68
Alnilam,"['Alnilam', 'ε-Ori', 'Epsilon Orionis', '46-Ori', '46 Orionis', 'HR 1903', 'HD 37128', 'HIP 26311', 'TYC 4766-2450-1']",05h36m12s,"-01°12'06""",1.72
Alioth,"['Alioth', 'ε-UMa', 'Epsilon Ursae Majoris', '77-UMa', '77 Ursae Majoris', 'HR 4905', 'HD 112185', 'HIP 62956', 'TYC 3845-1190-1']",12h54m01s,"+55°57'35""",1.76
Alnair,"['Alnair', 'α-Gru', 'Alpha Gruis', 'HR 8425', 'HD 209952', 'NSV 14040', 'HIP 109268', 'TYC 8438-1959-1']",22h08m13s,"-46°57'38""",1.77
Mirfak,"['Mirfak', 'α-Per', 'Alpha Persei', '33-Per', '33 Persei', 'HR 1017', 'HD 20902', 'NSV 1125', 'HIP 15863', 'TYC 3320-2808-1']",03h24m19s,"+49°51'40""",1.81
Dubhe,"['Dubhe', 'α-UMa', 'Alpha Ursae Majoris', '50-UMa', '50 Ursae Majoris', 'HR 4301', 'HD 95689', 'NSV 5070', 'HIP 54061', 'TYC 4146-1274-1']",11h03m43s,"+61°45'04""",1.82
Wezen,"['Wezen', 'δ-CMa', 'Delta Canis Majoris', '25-CMa', '25 Canis Majoris', 'HR 2693', 'HD 54605', 'NSV 3424', 'HIP 34444', 'TYC 6532-5001-1']",07h08m23s,"-26°23'35""",1.84
Sargas,"['Sargas', 'θ-Sco', 'Theta Scorpii', 'HR 6553', 'HD 159532', 'NSV 9233', 'HIP 86228', 'TYC 7892-7679-1']",17h37m19s,"-42°59'52""",1.86
Alkaid,"['Alkaid', 'η-UMa', 'Eta Ursae Majoris', '85-UMa', '85 Ursae Majoris', 'HR 5191', 'HD 120315', 'NSV 6450', 'HIP 67301', 'TYC 3467-1257-1']",13h47m32s,"+49°18'47""",1.86
Atria,"['Atria', 'α-TrA', 'Alpha Trianguli Australe', 'HR 6217', 'HD 150798', 'HIP 82273', 'TYC 9275-3641-1']",16h48m39s,"-69°01'39""",1.90
Alnitak,"['Alnitak', 'ζ-Ori', 'Zeta Orionis', '50-Ori', '50 Orionis', 'HR 1948', 'HD 37742', 'NSV 2553', 'HIP 26727', 'TYC 4771-1188-1']",05h40m45s,"-01°56'33""",1.90
Menkalinan,"['Menkalinan', 'β-Aur', 'Beta Aurigae', '34-Aur', '34 Aurigae', 'HR 2088', 'HD 40183', 'HIP 28360', 'TYC 2924-2742-1']",05h59m31s,"+44°56'50""",1.90
Peacock,"['Peacock', 'α-Pav', 'Alpha Pavonis', 'HR 7790', 'HD 193924', 'NSV 13060', 'HIP 100751', 'TYC 8785-1898-1']",20h25m38s,"-56°44'05""",1.92
Alhena,"['Alhena', 'γ-Gem', 'Gamma Geminorum', '24-Gem', '24 Geminorum', 'HR 2421', 'HD 47105', 'HIP 31681']",06h37m42s,"+16°23'57""",1.93
,"['δ-Vel', 'Delta Velorum', 'HR 3485', 'HD 74956', 'HIP 42913', 'TYC 8573-3571-1']",08h44m42s,"-54°42'30""",1.94
Avior,"['Avior', 'ε-Car', 'Epsilon Carinae', 'HR 3307', 'HD 71129', 'NSV 4058', 'HIP 41037', 'TYC 8579-2692-1']",08h22m30s,"-59°30'34""",1.95
Mirzam,"['Mirzam', 'β-CMa', 'Beta Canis Majoris', '2-CMa', '2 Canis Majoris', 'HR 2294', 'HD 44743', 'HIP 30324', 'TYC 5938-2918-1']",06h22m41s,"-17°57'21""",1.96
Alphard,"['Alphard', 'α-Hya', 'Alpha Hydrae', '30-Hya', '30 Hydrae', 'HR 3748', 'HD 81797', 'NSV 4496', 'HIP 46390', 'TYC 5460-1592-1']",09h27m35s,"-08°39'30""",1.98
Sirius,"['Sirius', 'α-CMa', 'Alpha Canis Majoris', '9-CMa', '9 Canis Majoris', 'HR 2491', 'HD 48915', 'HIP 32349']",06h45m09s,"-16°42'47""",-1.44
Canopus,"['Canopus', 'α-Car', 'Alpha Carinae', 'HR 2326', 'HD 45348', 'HIP 30438', 'TYC 8534-2277-1']",06h23m57s,"-52°41'44""",-0.63
Vega,"['Vega', 'α-Lyr', 'Alpha Lyrae', '3-Lyr', '3 Lyrae', 'HR 7001', 'HD 172167', 'HIP 91262']",18h36m56s,"+38°46'58""",0.03
Capella,"['Capella', 'α-Aur', 'Alpha Aurigae', '13-Aur', '13 Aurigae', 'HR 1708', 'HD 34029', 'NSV 1897', 'HIP 24608']",05h16m41s,"+45°59'56""",0.08
Arcturus,"['Arcturus', 'α-Boo', 'Alpha Bootis', '16-Boo', '16 Bootis', 'HR 5340', 'HD 124897', 'NSV 6603', 'HIP 69673', 'TYC 1472-1436-1']",14h15m40s,"+19°11'14""",0.16
Rigel,"['Rigel', 'β-Ori', 'Beta Orionis', '19-Ori', '19 Orionis', 'HR 1713', 'HD 34085', 'NSV 1882', 'HIP 24436', 'TYC 5331-1752-1']",05h14m32s,"-08°12'05""",0.28
Procyon,"['Procyon', 'α-CMi', 'Alpha Canis Minoris', '10-CMi', '10 Canis Minoris', 'HR 2943', 'HD 61421', 'NSV 3672', 'HIP 37279']",07h39m18s,"+05°13'39""",0.40
Achernar,"['Achernar', 'α-Eri', 'Alpha Eridani', 'HR 472', 'HD 10144', 'HIP 7588', 'TYC 8478-1395-1']",01h37m42s,"-57°14'11""",0.54
Betelgeuse,"['Betelgeuse', 'α-Ori', 'Alpha Orionis', '58-Ori', '58 Orionis', 'HR 2061', 'HD 39801', 'HIP 27989', 'TYC 129-1873-1']",05h55m10s,"+07°24'25""",0.57
Hadar,"['Hadar', 'β-Cen', 'Beta Centauri', 'HR 5267', 'HD 122451', 'HIP 68702', 'TYC 9005-3919-1']",14h03m49s,"-60°22'22""",0.64
Altair,"['Altair', 'α-Aql', 'Alpha Aquilae', '53-Aql', '53 Aquilae', 'HR 7557', 'HD 187642', 'HIP 97649', 'TYC 1058-3399-1']",19h50m46s,"+08°52'02""",0.93
Aldebaran,"['Aldebaran', 'α-Tau', 'Alpha Tauri', '87-Tau', '87 Tauri', 'HR 1457', 'HD 29139', 'HIP 21421', 'TYC 1266-1416-1']",04h35m55s,"+16°30'35""",0.99
Spica,"['Spica', 'α-Vir', 'Alpha Virginis', '67-Vir', '67 Virginis', 'HR 5056', 'HD 116658', 'HIP 65474', 'TYC 5547-1518-1']",13h25m11s,"-11°09'40""",1.06
Antares,"['Antares', 'α-Sco', 'Alpha Scorpii', '21-Sco', '21 Scorpii', 'HR 6134', 'HD 148478', 'HIP 80763', 'TYC 6803-2158-1']",16h29m24s,"-26°25'55""",1.07
Pollux,"['Pollux', 'β-Gem', 'Beta Geminorum', '78-Gem', '78 Geminorum', 'HR 2990', 'HD 62509', 'NSV 3712', 'HIP 37826', 'TYC 1920-2194-1']",07h45m19s,"+28°01'34""",1.22
Fomalhaut,"['Fomalhaut', 'α-PsA', 'Alpha Piscis Austrini', '24-PsA', '24 Piscis Austrini', 'HR 8728', 'HD 216956', 'NSV 14372', 'HIP 113368', 'TYC 6977-1267-1']",22h57m38s,"-29°37'18""",1.23
Acrux,"['Acrux', 'α¹-Cru', 'Alpha1 Crucis', 'HR 4730', 'HD 108248', 'HIP 60718', 'TYC 8979-3464-1']",12h26m35s,"-63°05'56""",1.28
Mimosa,"['Mimosa', 'β-Cru', 'Beta Crucis', 'HR 4853', 'HD 111123', 'HIP 62434', 'TYC 8659-3107-1']",12h47m43s,"-59°41'19""",1.31
Deneb,"['Deneb', 'α-Cyg', 'Alpha Cygni', '50-Cyg', '50 Cygni', 'HR 7924', 'HD 197345', 'HIP 102098', 'TYC 3574-3347-1']",20h41m25s,"+45°16'49""",1.33
,"['α-Cen', 'Alpha Centauri', 'HR 5460', 'HD 128621', 'HIP 71681']",14h39m39s,"-60°50'22""",1.35
Regulus,"['Regulus', 'α-Leo', 'Alpha Leonis', '32-Leo', '32 Leonis', 'HR 3982', 'HD 87901', 'NSV 4750', 'HIP 49669', 'TYC 833-1381-1']",10h08m22s,"+11°58'01""",1.41
Adhara,"['Adhara', 'ε-CMa', 'Epsilon Canis Majoris', '21-CMa', '21 Canis Majoris', 'HR 2618', 'HD 52089', 'HIP 33579', 'TYC 6535-3619-1']",06h58m37s,"-28°58'19""",1.53
Castor,"['Castor', 'YY Gem', 'α-Gem', 'Alpha Geminorum', '66-Gem', '66 Geminorum', 'HR 2891', 'HD 60179', 'HIP 36850', 'TYC 2457-2407-1', 'Gaia EDR3- 892348694913501952']",07h34m35s,"+31°53'18""",1.58
Shaula,"['Shaula', 'λ-Sco', 'Lambda Scorpii', '35-Sco', '35 Scorpii', 'HR 6527', 'HD 158926', 'HIP 85927', 'TYC 7388-1093-1']",17h33m36s,"-37°06'13""",1.63
Gacrux,"['Gacrux', 'γ-Cru', 'Gamma Crucis', 'HR 4763', 'HD 108903', 'NSV 5672', 'HIP 61084', 'TYC 8654-3422-1']",12h31m09s,"-57°06'45""",1.65
Bellatrix,"['Bellatrix', 'γ-Ori', 'Gamma Orionis', '24-Ori', '24 Orionis', 'HR 1790', 'HD 35468', 'NSV 1972', 'HIP 25336', 'TYC 113-1856-1']",05h25m07s,"+06°20'59""",1.66
Miaplacidus,"['Miaplacidus', 'β-Car', 'Beta Carinae', 'HR 3685', 'HD 80007', 'HIP 45238', 'TYC 9200-2603-1']",09h13m12s,"-69°43'02""",1.67
Elnath,"['Elnath', 'β-Tau', 'Beta Tauri', '112-Tau', '112 Tauri', 'HR 1791', 'HD 35497', 'HIP 25428', 'TYC 1859-1470-1']",05h26m17s,"+28°36'28""",1.68
Alnilam,"['Alnilam', 'ε-Ori', 'Epsilon Orionis', '46-Ori', '46 Orionis', 'HR 1903', 'HD 37128', 'HIP 26311', 'TYC 4766-2450-1']",05h36m12s,"-01°12'06""",1.72
Alioth,"['Alioth', 'ε-UMa', 'Epsilon Ursae Majoris', '77-UMa', '77 Ursae Majoris', 'HR 4905', 'HD 112185', 'HIP 62956', 'TYC 3845-1190-1']",12h54m01s,"+55°57'35""",1.76
Alnair,"['Alnair', 'α-Gru', 'Alpha Gruis', 'HR 8425', 'HD 209952', 'NSV 14040', 'HIP 109268', 'TYC 8438-1959-1']",22h08m13s,"-46°57'38""",1.77
Mirfak,"['Mirfak', 'α-Per', 'Alpha Persei', '33-Per', '33 Persei', 'HR 1017', 'HD 20902', 'NSV 1125', 'HIP 15863', 'TYC 3320-2808-1']",03h24m19s,"+49°51'40""",1.81
Dubhe,"['Dubhe', 'α-UMa', 'Alpha Ursae Majoris', '50-UMa', '50 Ursae Majoris', 'HR 4301', 'HD 95689', 'NSV 5070', 'HIP 54061', 'TYC 4146-1274-1']",11h03m43s,"+61°45'04""",1.82
Wezen,"['Wezen', 'δ-CMa', 'Delta Canis Majoris', '25-CMa', '25 Canis Majoris', 'HR 2693', 'HD 54605', 'NSV 3424', 'HIP 34444', 'TYC 6532-5001-1']",07h08m23s,"-26°23'35""",1.84
Sargas,"['Sargas', 'θ-Sco', 'Theta Scorpii', 'HR 6553', 'HD 159532', 'NSV 9233', 'HIP 86228', 'TYC 7892-7679-1']",17h37m19s,"-42°59'52""",1.86
Alkaid,"['Alkaid', 'η-UMa', 'Eta Ursae Majoris', '85-UMa', '85 Ursae Majoris', 'HR 5191', 'HD 120315', 'NSV 6450', 'HIP 67301', 'TYC 3467-1257-1']",13h47m32s,"+49°18'47""",1.86
Atria,"['Atria', 'α-TrA', 'Alpha Trianguli Australe', 'HR 6217', 'HD 150798', 'HIP 82273', 'TYC 9275-3641-1']",16h48m39s,"-69°01'39""",1.90
Alnitak,"['Alnitak', 'ζ-Ori', 'Zeta Orionis', '50-Ori', '50 Orionis', 'HR 1948', 'HD 37742', 'NSV 2553', 'HIP 26727', 'TYC 4771-1188-1']",05h40m45s,"-01°56'33""",1.90
Menkalinan,"['Menkalinan', 'β-Aur', 'Beta Aurigae', '34-Aur', '34 Aurigae', 'HR 2088', 'HD 40183', 'HIP 28360', 'TYC 2924-2742-1']",05h59m31s,"+44°56'50""",1.90
Peacock,"['Peacock', 'α-Pav', 'Alpha Pavonis', 'HR 7790', 'HD 193924', 'NSV 13060', 'HIP 100751', 'TYC 8785-1898-1']",20h25m38s,"-56°44'05""",1.92
Alhena,"['Alhena', 'γ-Gem', 'Gamma Geminorum', '24-Gem', '24 Geminorum', 'HR 2421', 'HD 47105', 'HIP 31681']",06h37m42s,"+16°23'57""",1.93
,"['δ-Vel', 'Delta Velorum', 'HR 3485', 'HD 74956', 'HIP 42913', 'TYC 8573-3571-1']",08h44m42s,"-54°42'30""",1.94
Avior,"['Avior', 'ε-Car', 'Epsilon Carinae', 'HR 3307', 'HD 71129', 'NSV 4058', 'HIP 41037', 'TYC 8579-2692-1']",08h22m30s,"-59°30'34""",1.95
Mirzam,"['Mirzam', 'β-CMa', 'Beta Canis Majoris', '2-CMa', '2 Canis Majoris', 'HR 2294', 'HD 44743', 'HIP 30324', 'TYC 5938-2918-1']",06h22m41s,"-17°57'21""",1.96
Alphard,"['Alphard', 'α-Hya', 'Alpha Hydrae', '30-Hya', '30 Hydrae', 'HR 3748', 'HD 81797', 'NSV 4496', 'HIP 46390', 'TYC 5460-1592-1']",09h27m35s,"-08°39'30""",1.98
Polaris,"['Polaris', 'α-UMi', 'Alpha Ursae Minoris', '1-UMi', '1 Ursae Minoris', 'HR 424', 'HD 8890', 'HIP 11767', 'TYC 4628-237-1']",02h31m47s,"+89°15'50""",2.00
Hamal,"['Hamal', 'α-Ari', 'Alpha Arietis', '13-Ari', '13 Arietis', 'HR 617', 'HD 12929', 'NSV 725', 'HIP 9884', 'TYC 1758-2416-1']",02h07m10s,"+23°27'45""",2.02
Menkent,"['Menkent', 'θ-Cen', 'Theta Centauri', '5-Cen', '5 Centauri', 'HR 5288', 'HD 123139', 'HIP 68933', 'TYC 7293-2215-1']",14h06m40s,"-36°22'11""",2.05
Diphda,"['Diphda', 'β-Cet', 'Beta Ceti', '16-Cet', '16 Ceti', 'HR 188', 'HD 4128', 'NSV 272', 'HIP 3419', 'TYC 5847-2333-1']",00h43m35s,"-17°59'12""",2.05
Alpheratz,"['Alpheratz', 'α-And', 'Alpha Andromedae', '21-And', '21 Andromedae', 'HR 15', 'HD 358', 'HIP 677', 'TYC 1735-3180-1']",00h08m23s,"+29°05'26""",2.06
Saiph,"['Saiph', 'κ-Ori', 'Kappa Orionis', '53-Ori', '53 Orionis', 'HR 2004', 'HD 38771', 'NSV 2641', 'HIP 27366', 'TYC 5351-760-1', 'Gaia EDR3- 3011968416163350272']",05h47m45s,"-09°40'10""",2.06
Kochab,"['Kochab', 'β-UMi', 'Beta Ursae Minoris', '7-UMi', '7 Ursae Minoris', 'HR 5563', 'HD 131873', 'NSV 6846', 'HIP 72607', 'TYC 4416-1799-1']",14h50m42s,"+74°09'19""",2.06
Nunki,"['Nunki', 'σ-Sgr', 'Sigma Sagittarii', '34-Sgr', '34 Sagittarii', 'HR 7121', 'HD 175191', 'HIP 92855', 'TYC 6868-1829-1']",18h55m15s,"-26°17'47""",2.07
Mirach,"['Mirach', 'β-And', 'Beta Andromedae', '43-And', '43 Andromedae', 'HR 337', 'HD 6860', 'NSV 414', 'HIP 5447', 'TYC 2286-1329-1']",01h09m43s,"+35°37'14""",2.07
Rasalhague,"['Rasalhague', 'α-Oph', 'Alpha Ophiuchi', '55-Oph', '55 Ophiuchi', 'HR 6556', 'HD 159561', 'NSV 9189', 'HIP 86032', 'TYC 1000-2508-1']",17h34m56s,"+12°33'38""",2.09
Algol,"['Algol', 'β-Per', 'Beta Persei', '26-Per', '26 Persei', 'HR 936', 'HD 19356', 'HIP 14576', 'TYC 2851-2168-1']",03h08m10s,"+40°57'20""",2.11
,"['β-Gru', 'Beta Gruis', 'HR 8636', 'HD 214952', 'HIP 112122', 'TYC 8446-1644-1']",22h42m40s,"-46°53'04""",2.12
Denebola,"['Denebola', 'β-Leo', 'Beta Leonis', '94-Leo', '94 Leonis', 'HR 4534', 'HD 102647', 'HIP 57632', 'TYC 870-988-1']",11h49m03s,"+14°34'20""",2.13
Almach,"['Almach', 'γ¹-And', 'Gamma1 Andromedae', '57-And', '57 Andromedae', 'HR 603', 'HD 12533', 'HIP 9640', 'TYC 2837-2311-1']",02h03m53s,"+42°19'47""",2.17
Suhail,"['Suhail', 'λ-Vel', 'Lambda Velorum', 'HR 3634', 'HD 78647', 'HIP 44816', 'TYC 7689-2617-1']",09h07m59s,"-43°25'57""",2.20
Sadr,"['Sadr', 'γ-Cyg', 'Gamma Cygni', '37-Cyg', '37 Cygni', 'HR 7796', 'HD 194093', 'NSV 13048', 'HIP 100453', 'TYC 3156-2223-1', 'Gaia EDR3- 2067518817314952576']",20h22m13s,"+40°15'24""",2.20
Mizar,"['Mizar', 'ζ-UMa', 'Zeta Ursae Majoris', '79-UMa', '79 Ursae Majoris', 'HR 5054', 'HD 116656', 'NSV 6224', 'HIP 65378', 'TYC 3850-1385-1', 'Gaia EDR3- 1563590579347125632']",13h23m55s,"+54°55'30""",2.22
Alphecca,"['Alphecca', 'α-CrB', 'Alpha Coronae Borealis', '5-CrB', '5 Coronae Borealis', 'HR 5793', 'HD 139006', 'HIP 76267', 'TYC 2029-1690-1', 'Gaia EDR3- 1222646935698492160']",15h34m41s,"+26°42'51""",2.22
Naos,"['Naos', 'ζ-Pup', 'Zeta Puppis', 'HR 3165', 'HD 66811', 'HIP 39429', 'TYC 7663-4093-1', 'Gaia EDR3- 5534788672055388032']",08h03m35s,"-40°00'11""",2.22
Eltanin,"['Eltanin', 'γ-Dra', 'Gamma Draconis', '33-Dra', '33 Draconis', 'HR 6705', 'HD 164058', 'HIP 87833', 'TYC 3523-1684-1']",17h56m36s,"+51°29'20""",2.23
Mintaka,"['Mintaka', 'δ-Ori', 'Delta Orionis', '34-Ori', '34 Orionis', 'HR 1852', 'HD 36486', 'HIP 25930', 'TYC 4766-2445-1', 'Gaia EDR3- 3220756843825383936']",05h32m00s,"-00°17'56""",2.23
Algieba,"['Algieba', 'γ¹-Leo', 'Gamma1 Leonis', '41-Leo', '41 Leonis', 'HR 4057', 'HD 89484', 'NSV 4823', 'HIP 50583', 'TYC 1423-1349-1']",10h19m58s,"+19°50'30""",2.23
Schedar,"['Schedar', 'α-Cas', 'Alpha Cassiopeiae', '18-Cas', '18 Cassiopeiae', 'HR 168', 'HD 3712', 'HIP 3179', 'TYC 3663-2668-1', 'Gaia EDR3- 418551920284673408']",00h40m30s,"+56°32'13""",2.25
Aspidiske,"['Aspidiske', 'ι-Car', 'Iota Carinae', 'HR 3699', 'HD 80404', 'NSV 4444', 'HIP 45556', 'TYC 8595-3312-1', 'Gaia EDR3- 5300300156538723328']",09h17m05s,"-59°16'30""",2.25
,"['ε-Sco', 'Epsilon Scorpii', '26-Sco', '26 Scorpii', 'HR 6241', 'HD 151680', 'NSV 7983', 'HIP 82396', 'TYC 7367-804-1']",16h50m09s,"-34°17'35""",2.27
Caph,"['Caph', 'β-Cas', 'Beta Cassiopeiae', '11-Cas', '11 Cassiopeiae', 'HR 21', 'HD 432', 'HIP 746', 'TYC 3664-1985-1']",00h09m10s,"+59°09'00""",2.28
Dschubba,"['Dschubba', 'δ-Sco', 'Delta Scorpii', '7-Sco', '7 Scorpii', 'HR 5953', 'HD 143275', 'HIP 78401', 'TYC 6779-2194-1']",16h00m20s,"-22°37'17""",2.30
Merak,"['Merak', 'β-UMa', 'Beta Ursae Majoris', '48-UMa', '48 Ursae Majoris', 'HR 4295', 'HD 95418', 'NSV 5053', 'HIP 53910', 'TYC 3827-1079-1']",11h01m50s,"+56°22'56""",2.35
Ankaa,"['Ankaa', 'α-Phe', 'Alpha Phoenicis', 'HR 99', 'HD 2261', 'HIP 2081', 'TYC 7527-1031-1']",00h26m17s,"-42°18'21""",2.38
Enif,"['Enif', 'ε-Peg', 'Epsilon Pegasi', '8-Peg', '8 Pegasi', 'HR 8308', 'HD 206778', 'HIP 107315', 'TYC 1125-2186-1']",21h44m11s,"+09°52'30""",2.39
Phecda,"['Phecda', 'γ-UMa', 'Gamma Ursae Majoris', '64-UMa', '64 Ursae Majoris', 'HR 4554', 'HD 103287', 'NSV 5379', 'HIP 58001', 'TYC 3833-1034-1']",11h53m49s,"+53°41'41""",2.39
Sabik,"['Sabik', 'η-Oph', 'Eta Ophiuchi', '35-Oph', '35 Ophiuchi', 'HR 6378', 'HD 155125', 'HIP 84012', 'TYC 6232-1333-1']",17h10m22s,"-15°43'30""",2.43
Aludra,"['Aludra', 'η-CMa', 'Eta Canis Majoris', '31-CMa', '31 Canis Majoris', 'HR 2827', 'HD 58350', 'HIP 35904', 'TYC 6550-4525-1', 'Gaia EDR3- 5605797194566011520']",07h24m05s,"-29°18'11""",2.46
,"['ε-Cyg', 'Epsilon Cygni', '53-Cyg', '53 Cygni', 'HR 7949', 'HD 197989', 'HIP 102488', 'TYC 2695-4139-1']",20h46m12s,"+33°58'12""",2.46
Alderamin,"['Alderamin', 'α-Cep', 'Alpha Cephei', '5-Cep', '5 Cephei', 'HR 8162', 'HD 203280', 'NSV 13660', 'HIP 105199', 'TYC 4252-1870-1']",21h18m34s,"+62°35'07""",2.47
Scheat,"['Scheat', 'β-Peg', 'Beta Pegasi', '53-Peg', '53 Pegasi', 'HR 8775', 'HD 217906', 'HIP 113881', 'TYC 2243-1831-1']",23h03m46s,"+28°04'58""",2.48
,"['κ-Vel', 'Kappa Velorum', 'HR 3734', 'HD 81188', 'HIP 45941', 'TYC 8588-4200-1', 'Gaia EDR3- 5310393535853560576']",09h22m06s,"-55°00'38""",2.48
Markab,"['Markab', 'α-Peg', 'Alpha Pegasi', '54-Peg', '54 Pegasi', 'HR 8781', 'HD 218045', 'NSV 14417', 'HIP 113963', 'TYC 1711-2475-1']",23h04m45s,"+15°12'19""",2.49
Menkar,"['Menkar', 'α-Cet', 'Alpha Ceti', '92-Cet', '92 Ceti', 'HR 911', 'HD 18884', 'HIP 14135', 'TYC 58-1618-1']",03h02m16s,"+04°05'23""",2.54
Zosma,"['Zosma', 'δ-Leo', 'Delta Leonis', '68-Leo', '68 Leonis', 'HR 4357', 'HD 97603', 'NSV 5143', 'HIP 54872', 'TYC 1439-2479-1']",11h14m06s,"+20°31'26""",2.56
Arneb,"['Arneb', 'α-Lep', 'Alpha Leporis', '11-Lep', '11 Leporis', 'HR 1865', 'HD 36673', 'NSV 2128', 'HIP 25985', 'TYC 5920-1685-1', 'Gaia EDR3- 2971266110612490624']",05h32m43s,"-17°49'20""",2.59
Gienah,"['Gienah', 'γ-Crv', 'Gamma Corvi', '4-Crv', '4 Corvi', 'HR 4662', 'HD 106625', 'NSV 5515', 'HIP 59803', 'TYC 6098-1754-1']",12h15m48s,"-17°32'31""",2.59
Zubeneschamali,"['Zubeneschamali', 'β-Lib', 'Beta Librae', '27-Lib', '27 Librae', 'HR 5685', 'HD 135742', 'NSV 7009', 'HIP 74785', 'TYC 5585-1014-1']",15h17m00s,"-09°22'58""",2.61
Ascella,"['Ascella', 'ζ-Sgr', 'Zeta Sagittarii', '38-Sgr', '38 Sagittarii', 'HR 7194', 'HD 176687', 'HIP 93506', 'TYC 6885-2837-1', 'Gaia EDR3- 6760703042771435136']",19h02m36s,"-29°52'48""",2.61
Acrab,"['Acrab', 'β¹-Sco', 'Beta1 Scorpii', '8-Sco', '8 Scorpii', 'HR 5984', 'HD 144217', 'NSV 7424', 'HIP 78820', 'TYC 6208-1623-1']",16h05m26s,"-19°48'19""",2.62
Unukalhai,"['Unukalhai', 'α-Ser', 'Alpha Serpentis Caput', '24-Ser', '24 Serpentis Caput', 'HR 5854', 'HD 140573', 'HIP 77070', 'TYC 363-1135-1', 'Gaia EDR3- 4429785739602747392']",15h44m16s,"+06°25'32""",2.63
Lesath,"['Lesath', 'υ-Sco', 'Upsilon Scorpii', '34-Sco', '34 Scorpii', 'HR 6508', 'HD 158408', 'HIP 85696', 'TYC 7387-1249-1']",17h30m45s,"-37°17'44""",2.64
,"['θ-Aur', 'Theta Aurigae', '37-Aur', '37 Aurigae', 'HR 2095', 'HD 40312', 'HIP 28380', 'TYC 2418-1573-1']",05h59m43s,"+37°12'46""",2.65
Sheratan,"['Sheratan', 'β-Ari', 'Beta Arietis', '6-Ari', '6 Arietis', 'HR 553', 'HD 11636', 'NSV 658', 'HIP 8903', 'TYC 1212-1935-1']",01h54m38s,"+20°48'29""",2.66
Phact,"['Phact', 'α-Col', 'Alpha Columbae', 'HR 1956', 'HD 37795', 'NSV 2549', 'HIP 26634', 'TYC 7064-1357-1', 'Gaia EDR3- 2900546759663847168']",05h39m38s,"-34°04'27""",2.66
,"['β-Crv', 'Beta Corvi', '9-Crv', '9 Corvi', 'HR 4786', 'HD 109379', 'NSV 5729', 'HIP 61359', 'TYC 6683-1116-1', 'Gaia EDR3- 3501215734352781440']",12h34m23s,"-23°23'49""",2.66
,"['ι-Aur', 'Iota Aurigae', '3-Aur', '3 Aurigae', 'HR 1577', 'HD 31398', 'NSV 1778', 'HIP 23015', 'TYC 2391-1446-1', 'Gaia EDR3- 160886283751041408']",04h56m59s,"+33°09'57""",2.66
Ruchbah,"['Ruchbah', 'δ-Cas', 'Delta Cassiopeiae', '37-Cas', '37 Cassiopeiae', 'HR 403', 'HD 8538', 'HIP 6686', 'TYC 4031-3289-1', 'Gaia EDR3- 510204838759030144']",01h25m49s,"+60°14'06""",2.68
Muphrid,"['Muphrid', 'η-Boo', 'Eta Bootis', '8-Boo', '8 Bootis', 'HR 5235', 'HD 121370', 'HIP 67927', 'TYC 1470-1157-1']",13h54m41s,"+18°23'54""",2.68
Tarazed,"['Tarazed', 'γ-Aql', 'Gamma Aquilae', '50-Aql', '50 Aquilae', 'HR 7525', 'HD 186791', 'HIP 97278', 'TYC 1061-2577-1', 'Gaia EDR3- 4302054339959905920']",19h46m15s,"+10°36'47""",2.69
Izar,"['Izar', 'ε-Boo', 'Epsilon Bootis', '36-Boo', '36 Bootis', 'HR 5506', 'HD 129989']",14h44m59s,"+27°04'27""",2.70
Zubenelgenubi,"['Zubenelgenubi', 'α²-Lib', 'Alpha2 Librae', '9-Lib', '9 Librae', 'HR 5531', 'HD 130841', 'NSV 6827', 'HIP 72622', 'TYC 6155-1210-1']",14h50m52s,"-16°02'30""",2.73
,"['η-Dra', 'Eta Draconis', '14-Dra', '14 Draconis', 'HR 6132', 'HD 148387', 'NSV 7713', 'HIP 80331', 'TYC 4190-2568-1', 'Gaia EDR3- 1625209684868707328']",16h23m59s,"+61°30'52""",2.73
,"['δ-Cru', 'Delta Crucis', 'HR 4656', 'HD 106490', 'HIP 59747', 'TYC 8645-2263-1', 'Gaia EDR3- 6071060144089351808']",12h15m08s,"-58°44'56""",2.74
Porrima,"['Porrima', 'γ-Vir', 'Gamma Virginis', '29-Vir', '29 Virginis', 'HR 4825', 'HD 110379', 'NSV 5859', 'HIP 61941']",12h41m40s,"-01°26'58""",2.74
Cebalrai,"['Cebalrai', 'β-Oph', 'Beta Ophiuchi', '60-Oph', '60 Ophiuchi', 'HR 6603', 'HD 161096', 'HIP 86742', 'TYC 423-1724-1', 'Gaia EDR3- 4473334474604992384']",17h43m28s,"+04°34'04""",2.75
,"['τ-Sco', 'Tau Scorpii', '23-Sco', '23 Scorpii', 'HR 6165', 'HD 149438', 'HIP 81266', 'TYC 6807-1012-1', 'Gaia EDR3- 6044420729667868928']",16h35m52s,"-28°12'58""",2.78
,"['ι-Ori', 'Iota Orionis', '44-Ori', '44 Orionis', 'HR 1899', 'HD 37043', 'NSV 2334', 'HIP 26241', 'TYC 4778-1401-1']",05h35m25s,"-05°54'35""",2.78
Kornephoros,"['Kornephoros', 'β-Her', 'Beta Herculis', '27-Her', '27 Herculis', 'HR 6148', 'HD 148856', 'NSV 7778', 'HIP 80816', 'TYC 1518-1442-1', 'Gaia EDR3- 1297565458994346240']",16h30m13s,"+21°29'22""",2.78
Cursa,"['Cursa', 'β-Eri', 'Beta Eridani', '67-Eri', '67 Eridani', 'HR 1666', 'HD 33111', 'NSV 1841', 'HIP 23875', 'TYC 4759-1671-1']",05h07m51s,"-05°05'10""",2.79
Rastaban,"['Rastaban', 'β-Dra', 'Beta Draconis', '23-Dra', '23 Draconis', 'HR 6536', 'HD 159181', 'HIP 85670', 'TYC 3521-1800-1', 'Gaia EDR3- 1415230383034813824']",17h30m25s,"+52°18'05""",2.80
Vindemiatrix,"['Vindemiatrix', 'ε-Vir', 'Epsilon Virginis', '47-Vir', '47 Virginis', 'HR 4932', 'HD 113226', 'NSV 6064', 'HIP 63608', 'TYC 886-1326-1', 'Gaia EDR3- 3736865265441207424']",13h02m10s,"+10°57'33""",2.82
Tureis,"['Tureis', 'ρ-Pup', 'Rho Puppis', '15-Pup', '15 Puppis', 'HR 3185', 'HD 67523', 'HIP 39757', 'TYC 6555-3245-1', 'Gaia EDR3- 5698015743046182272']",08h07m32s,"-24°18'14""",2.83
Algenib,"['Algenib', 'γ-Peg', 'Gamma Pegasi', '88-Peg', '88 Pegasi', 'HR 39', 'HD 886', 'HIP 1067', 'TYC 1179-1775-1', 'Gaia EDR3- 2769202742740232960']",00h13m14s,"+15°11'00""",2.84
Nihal,"['Nihal', 'β-Lep', 'Beta Leporis', '9-Lep', '9 Leporis', 'HR 1829', 'HD 36079', 'NSV 2008', 'HIP 25606', 'TYC 5928-1657-1', 'Gaia EDR3- 2968097043227107840']",05h28m14s,"-20°45'32""",2.84
Alcyone,"['Alcyone', 'η-Tau', 'Eta Tauri', '25-Tau', '25 Tauri', 'HR 1165', 'HD 23630', 'HIP 17702', 'TYC 1800-2202-1', 'Gaia EDR3- 66714384142368256']",03h47m29s,"+24°06'17""",2.88
Gomeisa,"['Gomeisa', 'β-CMi', 'Beta Canis Minoris', '3-CMi', '3 Canis Minoris', 'HR 2845', 'HD 58715', 'HIP 36188', 'TYC 764-2774-1']",07h27m09s,"+08°17'21""",2.89
,"['π-Sco', 'Pi Scorpii', '6-Sco', '6 Scorpii', 'HR 5944', 'HD 143018', 'NSV 7371', 'HIP 78265', 'TYC 6783-2697-1', 'Gaia EDR3- 6235406071207202688']",15h58m51s,"-26°06'51""",2.89
Sadalsuud,"['Sadalsuud', 'β-Aqr', 'Beta Aquarii', '22-Aqr', '22 Aquarii', 'HR 8232', 'HD 204867', 'HIP 106278', 'TYC 5216-1725-1', 'Gaia EDR3- 2671038928727970944']",21h31m33s,"-05°34'16""",2.89
,"['μ-Gem', 'Mu Geminorum', '13-Gem', '13 Geminorum', 'HR 2286', 'HD 44478', 'HIP 30343', 'TYC 1878-1429-1']",06h22m57s,"+22°30'49""",2.90
,"['π-Sgr', 'Pi Sagittarii', '41-Sgr', '41 Sagittarii', 'HR 7264', 'HD 178524', 'NSV 11769', 'HIP 94141', 'TYC 6295-282-1', 'Gaia EDR3- 4082115215112774272']",19h09m45s,"-21°01'25""",2.90
,"['σ-Sco', 'Sigma Scorpii', '20-Sco', '20 Scorpii', 'HR 6084', 'HD 147165', 'HIP 80112', 'TYC 6798-540-1', 'Gaia EDR3- 6048602103663486592']",16h21m11s,"-25°35'34""",2.90
,"['δ-Cyg', 'Delta Cygni', '18-Cyg', '18 Cygni', 'HR 7528', 'HD 186882', 'NSV 12380', 'HIP 97165', 'TYC 3557-2486-1', 'Gaia EDR3- 2079784488001577600']",19h44m58s,"+45°07'51""",2.91
Matar,"['Matar', 'η-Peg', 'Eta Pegasi', '44-Peg', '44 Pegasi', 'HR 8650', 'HD 215182', 'NSV 14285', 'HIP 112158', 'TYC 2736-1823-1']",22h43m00s,"+30°13'16""",2.93
Sadalmelik,"['Sadalmelik', 'α-Aqr', 'Alpha Aquarii', '34-Aqr', '34 Aquarii', 'HR 8414', 'HD 209750', 'HIP 109074', 'TYC 5224-1806-1', 'Gaia EDR3- 2680356911816018048']",22h05m47s,"-00°19'11""",2.93
,"['ζ-Aql', 'Zeta Aquilae', '17-Aql', '17 Aquilae', 'HR 7235', 'HD 177724', 'NSV 11724', 'HIP 93747', 'TYC 1052-3027-1', 'Gaia EDR3- 4314399312979641728']",19h05m24s,"+13°51'46""",2.95
Zaurak,"['Zaurak', 'γ-Eri', 'Gamma Eridani', '34-Eri', '34 Eridani', 'HR 1231', 'HD 25025', 'HIP 18543', 'TYC 5311-1285-1']",03h58m01s,"-13°30'30""",2.96
Alnasl,"['Alnasl', 'γ-Sgr', 'Gamma Sagittarii', '10-Sgr', '10 Sagittarii', 'HR 6746', 'HD 165135', 'NSV 10173', 'HIP 88635', 'TYC 7391-2710-1']",18h05m48s,"-30°25'26""",2.96
Algorab,"['Algorab', 'δ-Crv', 'Delta Corvi', '7-Crv', '7 Corvi', 'HR 4757', 'HD 108767', 'NSV 5656', 'HIP 60965', 'TYC 6103-2395-1', 'Gaia EDR3- 3520586071217872896']",12h29m51s,"-16°30'57""",2.97
,"['γ-Gru', 'Gamma Gruis', 'HR 8353', 'HD 207971', 'HIP 108085', 'TYC 7494-1748-1']",21h53m55s,"-37°21'53""",2.98
Mebsuta,"['Mebsuta', 'ε-Gem', 'Epsilon Geminorum', '27-Gem', '27 Geminorum', 'HR 2473', 'HD 48329', 'NSV 3183', 'HIP 32246', 'TYC 1897-1639-1', 'Gaia EDR3- 3384529341302871296']",06h43m55s,"+25°07'51""",2.99
,"['ζ-Tau', 'Zeta Tauri', '123-Tau', '123 Tauri', 'HR 1910', 'HD 37202', 'HIP 26451', 'TYC 1310-2697-1', 'Gaia EDR3- 3402918982515591168']",05h37m38s,"+21°08'32""",3.00
,"['μ¹-Sco', 'Mu1 Scorpii', 'HR 6247', 'HD 151890', 'HIP 82514', 'TYC 7868-1821-1']",16h51m52s,"-38°02'50""",3.00
Furud,"['Furud', 'ζ-CMa', 'Zeta Canis Majoris', '1-CMa', '1 Canis Majoris', 'HR 2282', 'HD 44402', 'NSV 2927', 'HIP 30122', 'TYC 7073-2426-1', 'Gaia EDR3- 2896572746685604480']",06h20m18s,"-30°03'48""",3.02
,"['ε-Aur', 'Epsilon Aurigae', '7-Aur', '7 Aurigae', 'HR 1605', 'HD 31964', 'HIP 23416', 'TYC 2907-1275-1', 'Gaia EDR3- 205499655242974464']",05h01m58s,"+43°49'23""",3.03
Pherkad,"['Pherkad', 'γ-UMi', 'Gamma Ursae Minoris', '13-UMi', '13 Ursae Minoris', 'HR 5735', 'HD 137422', 'HIP 75097', 'TYC 4414-2314-1']",15h20m43s,"+71°50'02""",3.03
Seginus,"['Seginus', 'γ-Boo', 'Gamma Bootis', '27-Boo', '27 Bootis', 'HR 5435', 'HD 127762', 'HIP 71075', 'TYC 3036-1151-1']",14h32m04s,"+38°18'28""",3.04
Altais,"['Altais', 'δ-Dra', 'Delta Draconis', '57-Dra', '57 Draconis', 'HR 7310', 'HD 180711', 'HIP 94376', 'TYC 4444-2239-1', 'Gaia EDR3- 2255173119658513408']",19h12m33s,"+67°39'43""",3.06
Albireo,"['Albireo', 'β¹-Cyg', 'Beta1 Cygni', '6-Cyg', '6 Cygni', 'HR 7417', 'HD 183912', 'NSV 12105', 'HIP 95947', 'TYC 2133-2964-1']",19h30m43s,"+27°57'34""",3.07
Dabih,"['Dabih', 'β-Cap', 'Beta Capricorni', '9-Cap', '9 Capricorni', 'HR 7776', 'HD 193495', 'HIP 100345', 'TYC 5753-2281-1']",20h21m00s,"-14°46'53""",3.07
Sarin,"['Sarin', 'δ-Her', 'Delta Herculis', '65-Her', '65 Herculis', 'HR 6410', 'HD 156164', 'NSV 8419', 'HIP 84379', 'TYC 2065-1930-1', 'Gaia EDR3- 4573412435280434560']",17h15m01s,"+24°50'18""",3.11
Wazn,"['Wazn', 'β-Col', 'Beta Columbae', 'HR 2040', 'HD 39425', 'HIP 27628', 'TYC 7069-1482-1', 'Gaia EDR3- 2887731882922767744']",05h50m57s,"-35°45'59""",3.11
Talitha,"['Talitha', 'ι-UMa', 'Iota Ursae Majoris', '9-UMa', '9 Ursae Majoris', 'HR 3569', 'HD 76644', 'NSV 4329', 'HIP 44127', 'TYC 3420-2149-1', 'Gaia EDR3- 1014058103758571520']",08h59m11s,"+48°02'27""",3.14
,"['η-Aur', 'Eta Aurigae', '10-Aur', '10 Aurigae', 'HR 1641', 'HD 32630', 'NSV 1822', 'HIP 23767', 'TYC 2899-2237-1', 'Gaia EDR3- 201261278441958656']",05h06m30s,"+41°14'03""",3.17
,"['π³-Ori', 'Pi3 Orionis', '1-Ori', '1 Orionis', 'HR 1543', 'HD 30652', 'NSV 1731', 'HIP 22449', 'TYC 96-1462-1', 'Gaia EDR3- 3288921720025503360']",04h49m50s,"+06°57'40""",3.18
,"['ζ-Dra', 'Zeta Draconis', '22-Dra', '22 Draconis', 'HR 6396', 'HD 155763', 'HIP 83895', 'TYC 4210-1048-1']",17h08m47s,"+65°42'52""",3.18
,"['G-Sco', 'G Scorpii', 'HR 6630', 'HD 161892', 'HIP 87261', 'TYC 7389-2159-1']",17h49m51s,"-37°02'35""",3.19
Errai,"['Errai', 'γ-Cep', 'Gamma Cephei', '35-Cep', '35 Cephei', 'HR 8974', 'HD 222404', 'NSV 14656', 'HIP 116727', 'TYC 4606-3584-1']",23h39m20s,"+77°37'56""",3.21
Acamar,"['Acamar', 'θ¹-Eri', 'Theta1 Eridani', 'HR 897', 'HD 18622', 'NSV 1002', 'HIP 13847', 'TYC 7563-1016-1', 'Gaia EDR3- 5044368071870093312']",02h58m15s,"-40°18'16""",3.22
Sulafat,"['Sulafat', 'γ-Lyr', 'Gamma Lyrae', '14-Lyr', '14 Lyrae', 'HR 7178', 'HD 176437', 'NSV 11624', 'HIP 93194', 'TYC 2643-3346-1', 'Gaia EDR3- 2043823929421342848']",18h58m56s,"+32°41'22""",3.22
Alfirk,"['Alfirk', 'β-Cep', 'Beta Cephei', '8-Cep', '8 Cephei', 'HR 8238', 'HD 205021', 'HIP 106032', 'TYC 4465-2643-1', 'Gaia EDR3- 2272185759996420992']",21h28m39s,"+70°33'38""",3.23
Skat,"['Skat', 'δ-Aqr', 'Delta Aquarii', '76-Aqr', '76 Aquarii', 'HR 8709', 'HD 216627', 'NSV 14356', 'HIP 113136', 'TYC 6387-1382-1']",22h54m39s,"-15°49'14""",3.27
,"['σ-Lib', 'Sigma Librae', '20-Lib', '20 Librae', 'HR 5603', 'HD 133216', 'HIP 73714', 'TYC 6752-1455-1', 'Gaia EDR3- 6227443304915069056']",15h04m04s,"-25°16'55""",3.28
Edasich,"['Edasich', 'ι-Dra', 'Iota Draconis', '12-Dra', '12 Draconis', 'HR 5744', 'HD 137759', 'NSV 7077', 'HIP 75458', 'TYC 3875-1620-1', 'Gaia EDR3- 1614731957531452544']",15h24m55s,"+58°57'58""",3.30
Propus,"['Propus', 'η-Gem', 'Eta Geminorum', '7-Gem', '7 Geminorum', 'HR 2216', 'HD 42995', 'HIP 29655', 'TYC 1877-1716-1']",06h14m52s,"+22°30'24""",3.30
Megrez,"['Megrez', 'δ-UMa', 'Delta Ursae Majoris', '69-UMa', '69 Ursae Majoris', 'HR 4660', 'HD 106591', 'NSV 5513', 'HIP 59774', 'TYC 3837-1070-1', 'Gaia EDR3- 1575287046603605888']",12h15m25s,"+57°01'57""",3.30
Chertan,"['Chertan', 'θ-Leo', 'Theta Leonis', '70-Leo', '70 Leonis', 'HR 4359', 'HD 97633', 'NSV 5144', 'HIP 54879', 'TYC 1437-2847-1', 'Gaia EDR3- 3970052886914547712']",11h14m14s,"+15°25'45""",3.30
,"['ξ-Pup', 'Xi Puppis', '7-Pup', '7 Puppis', 'HR 3045', 'HD 63700', 'HIP 38170', 'TYC 6557-4522-1']",07h49m17s,"-24°51'35""",3.32
,"['ξ-Gem', 'Xi Geminorum', '31-Gem', '31 Geminorum', 'HR 2484', 'HD 48737', 'NSV 3193', 'HIP 32362', 'TYC 754-2356-1', 'Gaia EDR3- 3352485999058854912']",06h45m17s,"+12°53'41""",3.33
Rasalgethi,"['Rasalgethi', 'Alp Her', 'α¹-Her', 'Alpha1 Herculis', '64-Her', '64 Herculis', 'HR 6406', 'HD 156014', 'HIP 84345', 'TYC 990-2133-1']",17h14m38s,"+14°23'25""",3.34
Muscida,"['Muscida', 'O-UMa', 'Omicron Ursae Majoris', '1-UMa', '1 Ursae Majoris', 'HR 3323', 'HD 71369', 'NSV 4093', 'HIP 41704', 'TYC 4127-2431-1', 'Gaia EDR3- 1041808368494264576']",08h30m15s,"+60°43'03""",3.36
,"['ζ-Vir', 'Zeta Virginis', '79-Vir', '79 Virginis', 'HR 5107', 'HD 118098', 'HIP 66249', 'TYC 4966-1366-1']",13h34m41s,"-00°35'45""",3.38
,"['θ²-Tau', 'Theta2 Tauri', '78-Tau', '78 Tauri', 'HR 1412', 'HD 28319', 'HIP 20894', 'TYC 1265-1172-1']",04h28m39s,"+15°52'15""",3.39
Mothallah,"['Mothallah', 'α-Tri', 'Alpha Trianguli', '2-Tri', '2 Trianguli', 'HR 544', 'HD 11443', 'HIP 8796', 'TYC 1763-3028-1']",01h53m04s,"+29°34'43""",3.41
,"['δ-Vir', 'Delta Virginis', '43-Vir', '43 Virginis', 'HR 4910', 'HD 112300', 'NSV 6026', 'HIP 63090', 'TYC 294-1032-1', 'Gaia EDR3- 3704342295607157120']",12h55m35s,"+03°23'50""",3.41
,"['ε-Hya', 'Epsilon Hydrae', '11-Hya', '11 Hydrae', 'HR 3482', 'HD 74874', 'HIP 43109', 'TYC 224-1333-1']",08h46m46s,"+06°25'07""",3.42
Homam,"['Homam', 'ζ-Peg', 'Zeta Pegasi', '42-Peg', '42 Pegasi', 'HR 8634', 'HD 214923', 'HIP 112029', 'TYC 1155-2187-1']",22h41m27s,"+10°49'53""",3.42
Adhafera,"['Adhafera', 'ζ-Leo', 'Zeta Leonis', '36-Leo', '36 Leonis', 'HR 4031', 'HD 89025', 'NSV 4804', 'HIP 50335', 'TYC 1969-1261-1']",10h16m41s,"+23°25'02""",3.44
,"['η-Cas', 'Eta Cassiopeiae', '24-Cas', '24 Cassiopeiae', 'HR 219', 'HD 4614', 'HIP 3821', 'TYC 3663-2669-1']",00h49m05s,"+57°48'59""",3.46
,"['σ-CMa', 'Sigma Canis Majoris', '22-CMa', '22 Canis Majoris', 'HR 2646', 'HD 52877', 'HIP 33856', 'TYC 6531-3793-1', 'Gaia EDR3- 5610441600394646016']",07h01m43s,"-27°56'05""",3.47
Nekkar,"['Nekkar', 'β-Boo', 'Beta Bootis', '42-Boo', '42 Bootis', 'HR 5602', 'HD 133208', 'NSV 6898', 'HIP 73555', 'TYC 3047-1258-1', 'Gaia EDR3- 1296713990316692096']",15h01m56s,"+40°23'25""",3.48
Sadalbari,"['Sadalbari', 'μ-Peg', 'Mu Pegasi', '48-Peg', '48 Pegasi', 'HR 8684', 'HD 216131', 'HIP 112748', 'TYC 2225-1821-1', 'Gaia EDR3- 1876510592179455744']",22h50m00s,"+24°36'05""",3.51
Subra,"['Subra', 'O-Leo', 'Omicron Leonis', '14-Leo', '14 Leonis', 'HR 3852', 'HD 83808', 'HIP 47508', 'TYC 821-2130-1', 'Gaia EDR3- 588551501854159744']",09h41m08s,"+09°53'31""",3.51
,"['β-Cnc', 'Beta Cancri', '17-Cnc', '17 Cancri', 'HR 3249', 'HD 69267', 'NSV 3973', 'HIP 40526', 'TYC 794-1622-1', 'Gaia EDR3- 3098404220680931968']",08h16m30s,"+09°11'07""",3.52
,"['δ-Eri', 'Delta Eridani', '23-Eri', '23 Eridani', 'HR 1136', 'HD 23249', 'HIP 17378', 'TYC 5303-1320-1', 'Gaia EDR3- 5164120762333028736']",03h43m14s,"-09°45'36""",3.53
Meissa,"['Meissa', 'λ-Ori', 'Lambda Orionis', '39-Ori', '39 Orionis', 'HR 1879', 'HD 36861', 'NSV 2240', 'HIP 26207', 'TYC 705-2400-1']",05h35m08s,"+09°56'02""",3.53
,"['μ²-Sco', 'Mu2 Scorpii', 'HR 6252', 'HD 151985', 'HIP 82545', 'TYC 7868-1820-1', 'Gaia EDR3- 5971244451311982336']",16h52m20s,"-38°01'03""",3.53
Ain,"['Ain', 'ε-Tau', 'Epsilon Tauri', '74-Tau', '74 Tauri', 'HR 1409', 'HD 28305', 'HIP 20889', 'TYC 1273-1104-1', 'Gaia EDR3- 48026706558487040']",04h28m37s,"+19°10'48""",3.53
Biham,"['Biham', 'θ-Peg', 'Theta Pegasi', '26-Peg', '26 Pegasi', 'HR 8450', 'HD 210418', 'NSV 14057', 'HIP 109427', 'TYC 565-1999-1']",22h10m11s,"+06°11'52""",3.53
Wasat,"['Wasat', 'δ-Gem', 'Delta Geminorum', '55-Gem', '55 Geminorum', 'HR 2777', 'HD 56986', 'HIP 35550', 'TYC 1359-2672-1']",07h20m07s,"+21°58'56""",3.54
,"['γ-Cet', 'Gamma Ceti', '86-Cet', '86 Ceti', 'HR 804', 'HD 16970', 'HIP 12706', 'TYC 50-1721-1']",02h43m18s,"+03°14'10""",3.57
,"['κ-UMa', 'Kappa Ursae Majoris', '12-UMa', '12 Ursae Majoris', 'HR 3594', 'HD 77327', 'NSV 4357', 'HIP 44471', 'TYC 3424-1626-1']",09h03m37s,"+47°09'23""",3.58
Algedi,"['Algedi', 'α²-Cap', 'Alpha2 Capricorni', '6-Cap', '6 Capricorni', 'HR 7754', 'HD 192947', 'HIP 100064', 'TYC 5749-2530-1', 'Gaia EDR3- 6880093650314169984']",20h18m03s,"-12°32'41""",3.58
,"['51-And', '51 Andromedae', 'HR 464', 'HD 9927', 'HIP 7607', 'TYC 3282-2271-1', 'Gaia EDR3- 399402894487590144']",01h37m59s,"+48°37'39""",3.58
,"['ε-Cru', 'Epsilon Crucis', 'HR 4700', 'HD 107446', 'NSV 5568', 'HIP 60260', 'TYC 8975-4125-1', 'Gaia EDR3- 6058271964884299520']",12h21m21s,"-60°24'02""",3.58
,"['c-Ari', 'c Arietis', '41-Ari', '41 Arietis', 'HR 838', 'HD 17573', 'NSV 951', 'HIP 13209', 'TYC 1789-1490-1']",02h49m59s,"+27°15'37""",3.59
Zavijava,"['Zavijava', 'β-Vir', 'Beta Virginis', '5-Vir', '5 Virginis', 'HR 4540', 'HD 102870', 'HIP 57757', 'TYC 273-924-1', 'Gaia EDR3- 3796442680948579328']",11h50m42s,"+01°45'48""",3.59
Atlas,"['Atlas', '27-Tau', '27 Tauri', 'HR 1178', 'HD 23850', 'NSV 1345', 'HIP 17847', 'TYC 1800-2203-1', 'Gaia EDR3- 66526127137440128']",03h49m09s,"+24°03'11""",3.61
,"['η-Psc', 'Eta Piscium', '99-Psc', '99 Piscium', 'HR 437', 'HD 9270', 'NSV 532', 'HIP 7097', 'TYC 1198-1597-1', 'Gaia EDR3- 2591891443195067264']",01h31m29s,"+15°20'44""",3.61
Sheliak,"['Sheliak', 'β-Lyr', 'Beta Lyrae', '10-Lyr', '10 Lyrae', 'HR 7106', 'HD 174638', 'HIP 92420', 'TYC 2642-2929-1', 'Gaia EDR3- 2090687795056051328']",18h50m04s,"+33°21'45""",3.63
Rotanev,"['Rotanev', 'β-Del', 'Beta Delphini', '6-Del', '6 Delphini', 'HR 7882', 'HD 196524', 'HIP 101769', 'TYC 1100-1720-1']",20h37m32s,"+14°35'42""",3.63
Nusakan,"['Nusakan', 'β-CrB', 'Beta Coronae Borealis', '3-CrB', '3 Coronae Borealis', 'HR 5747', 'HD 137909', 'HIP 75695', 'TYC 2032-1605-1']",15h27m49s,"+29°06'20""",3.64
Thuban,"['Thuban', 'α-Dra', 'Alpha Draconis', '11-Dra', '11 Draconis', 'HR 5291', 'HD 123299', 'NSV 6546', 'HIP 68756', 'TYC 4174-1262-1']",14h04m23s,"+64°22'32""",3.65
,"['ζ-Cas', 'Zeta Cassiopeiae', '17-Cas', '17 Cassiopeiae', 'HR 153', 'HD 3360', 'NSV 225', 'HIP 2920', 'TYC 3654-2132-1', 'Gaia EDR3- 418001477279154304']",00h36m58s,"+53°53'48""",3.68
Nashira,"['Nashira', 'γ-Cap', 'Gamma Capricorni', '40-Cap', '40 Capricorni', 'HR 8278', 'HD 206088', 'HIP 106985', 'TYC 6362-1078-1']",21h40m05s,"-16°39'44""",3.68
,"['χ-UMa', 'Chi Ursae Majoris', '63-UMa', '63 Ursae Majoris', 'HR 4518', 'HD 102224', 'NSV 5319', 'HIP 57399', 'TYC 3452-2140-1', 'Gaia EDR3- 786420645182229504']",11h46m02s,"+47°46'46""",3.69
Electra,"['Electra', '17-Tau', '17 Tauri', 'HR 1142', 'HD 23302', 'HIP 17499', 'TYC 1799-1441-1', 'Gaia EDR3- 65271996684817280']",03h44m52s,"+24°06'47""",3.71
Alshain,"['Alshain', 'β-Aql', 'Beta Aquilae', '60-Aql', '60 Aquilae', 'HR 7602', 'HD 188512', 'NSV 12557', 'HIP 98036', 'TYC 493-3355-1', 'Gaia EDR3- 4296708789290712064']",19h55m18s,"+06°24'16""",3.72
Ran,"['Ran', 'ε-Eri', 'Epsilon Eridani', '18-Eri', '18 Eridani', 'HR 1084', 'HD 22049', 'HIP 16537', 'TYC 5296-1533-1']",03h32m55s,"-09°27'29""",3.72
Grumium,"['Grumium', 'ξ-Dra', 'Xi Draconis', '32-Dra', '32 Draconis', 'HR 6688', 'HD 163588', 'HIP 87585', 'TYC 3910-1710-1', 'Gaia EDR3- 1421593566062037120']",17h53m31s,"+56°52'22""",3.73
Albali,"['Albali', 'ε-Aqr', 'Epsilon Aquarii', '2-Aqr', '2 Aquarii', 'HR 7950', 'HD 198001', 'HIP 102618', 'TYC 5760-1997-1', 'Gaia EDR3- 6903096911032851584']",20h47m40s,"-09°29'45""",3.76
,"['η-Per', 'Eta Persei', '15-Per', '15 Persei', 'HR 834', 'HD 17506', 'HIP 13268', 'TYC 3704-1332-1', 'Gaia EDR3- 454491381981202944']",02h50m41s,"+55°53'43""",3.76
,"['ζ-Aur', 'Zeta Aurigae', '8-Aur', '8 Aurigae', 'HR 1612', 'HD 32068', 'HIP 23453', 'TYC 2899-2236-1']",05h02m28s,"+41°04'33""",3.77
Sualocin,"['Sualocin', 'α-Del', 'Alpha Delphini', '9-Del', '9 Delphini', 'HR 7906', 'HD 196867', 'NSV 13207', 'HIP 101958', 'TYC 1633-2442-1']",20h39m38s,"+15°54'43""",3.78
,"['κ-Per', 'Kappa Persei', '27-Per', '27 Persei', 'HR 941', 'HD 19476', 'NSV 1055', 'HIP 14668', 'TYC 2859-2274-1']",03h09m29s,"+44°51'27""",3.79
,"['46-LMi', '46 Leonis Minoris', 'HR 4247', 'HD 94264', 'NSV 4999', 'HIP 53229', 'TYC 2521-2271-1']",10h53m18s,"+34°12'53""",3.79
,"['υ²-Eri', 'Upsilon2 Eridani', '52-Eri', '52 Eridani', 'HR 1464', 'HD 29291', 'HIP 21393', 'TYC 7038-1509-1', 'Gaia EDR3- 4878631812268014464']",04h35m32s,"-30°33'44""",3.81
,"['λ-Dra', 'Lambda Draconis', '1-Dra', '1 Draconis', 'HR 4434', 'HD 100029', 'NSV 5231', 'HIP 56211', 'TYC 4392-1805-1', 'Gaia EDR3- 1061909811871141504']",11h31m24s,"+69°19'51""",3.81
,"['μ-Sgr', 'Mu Sagittarii', '13-Sgr', '13 Sagittarii', 'HR 6812', 'HD 166937', 'HIP 89341', 'TYC 6276-3093-1', 'Gaia EDR3- 4093933487636355968']",18h13m45s,"-21°03'31""",3.84
Sadachbia,"['Sadachbia', 'γ-Aqr', 'Gamma Aquarii', '48-Aqr', '48 Aquarii', 'HR 8518', 'HD 212061', 'NSV 14132', 'HIP 110395', 'TYC 5226-1606-1']",22h21m39s,"-01°23'14""",3.85
,"['ρ-Sco', 'Rho Scorpii', '5-Sco', '5 Scorpii', 'HR 5928', 'HD 142669', 'HIP 78104', 'TYC 6791-2509-1', 'Gaia EDR3- 6041076668127513984']",15h56m53s,"-29°12'51""",3.85
Maia,"['Maia', '20-Tau', '20 Tauri', 'HR 1149', 'HD 23408', 'NSV 1279', 'HIP 17573', 'TYC 1799-1439-1', 'Gaia EDR3- 65283232316451328']",03h45m49s,"+24°22'03""",3.86
Zaniah,"['Zaniah', 'η-Vir', 'Eta Virginis', '15-Vir', '15 Virginis', 'HR 4689', 'HD 107259', 'NSV 5555', 'HIP 60129', 'TYC 4940-1158-1']",12h19m54s,"-00°40'00""",3.87
Rasalas,"['Rasalas', 'μ-Leo', 'Mu Leonis', '24-Leo', '24 Leonis', 'HR 3905', 'HD 85503', 'HIP 48455', 'TYC 1964-1473-1', 'Gaia EDR3- 643819484617141504']",09h52m45s,"+26°00'24""",3.88
,"['ι-Hya', 'Iota Hydrae', '35-Hya', '35 Hydrae', 'HR 3845', 'HD 83618', 'NSV 4568', 'HIP 47431', 'TYC 4894-2529-1', 'Gaia EDR3- 3827873938815011200']",09h39m51s,"-01°08'35""",3.89
Azha,"['Azha', 'η-Eri', 'Eta Eridani', '3-Eri', '3 Eridani', 'HR 874', 'HD 18322', 'NSV 988', 'HIP 13701', 'TYC 5287-1076-1', 'Gaia EDR3- 5173421634271199104']",02h56m25s,"-08°53'56""",3.90
,"['l-Eri', 'l Eridani', '53-Eri', '53 Eridani', 'HR 1481', 'HD 29503', 'HIP 21594', 'TYC 5327-1434-1']",04h38m10s,"-14°18'14""",3.90
Atik,"['Atik', 'O-Per', 'Omicron Persei', '38-Per', '38 Persei', 'HR 1131', 'HD 23180', 'HIP 17448', 'TYC 2359-1258-1', 'Gaia EDR3- 216718178536050176']",03h44m19s,"+32°17'17""",3.91
,"['α-For', 'Alpha Fornacis', 'HR 963', 'HD 20010', 'NSV 1074', 'HIP 14879', 'TYC 6445-990-1']",03h12m04s,"-28°59'20""",3.92
,"['γ-Lib', 'Gamma Librae', '38-Lib', '38 Librae', 'HR 5787', 'HD 138905', 'HIP 76333', 'TYC 5608-1381-1', 'Gaia EDR3- 6265374394490973184']",15h35m31s,"-14°47'22""",3.92
Rukbat,"['Rukbat', 'α-Sgr', 'Alpha Sagittarii', 'HR 7348', 'HD 181869', 'HIP 95347', 'TYC 7935-2139-1', 'Gaia EDR3- 6713727061309245952']",19h23m53s,"-40°36'59""",3.94
Kitalpha,"['Kitalpha', 'α-Equ', 'Alpha Equulei', '8-Equ', '8 Equulei', 'HR 8131', 'HD 202447', 'HIP 104987', 'TYC 536-2354-1']",21h15m49s,"+05°14'52""",3.94
